year,CO2 (ppmv)
350.11010303030304,280.4
486.69320000000005,274.9
501.19500000000016,277.9
539.6494545454545,279.1
539.8949090909091,281.9
657.6930181818182,277.7
762.1633393939395,281.1
867.6128000000001,282.2
961.0747272727275,280.1
1109.4966060606057,278.4
1168.2869090909091,276.6
1256.8527272727274,279.1
1315.2718181818182,277.7
1387.2658787878786,278.7
1477.1663030303037,277.4
1653.1327272727276,279.2
1729.0266666666669,280
1816.6017575757583,278.9
1901.9749696969702,278.7
1999.70909090909,278
2093.3590909090913,276.9
2234.2352727272723,276.7
2265.5493333333334,276.7
2414.3166666666666,277.6
2526.12496969697,277.9
2628.015757575757,273.9
2708.475454545455,278.9
2801.7606666666657,275.3
2904.5469090909087,274.7
2948.816303030303,276.3
3056.604242424242,274.6
3255.728181818182,276.3
3283.661575757576,273.1
3431.119272727273,274
3528.2878787878785,275
3644.462727272728,273.4
3693.407696969697,273
3806.856969696969,271.5
3856.1663636363637,275.4
3968.9506060606054,274.9
4108.666727272727,271.7
4205.842363636364,271.6
4275.076666666667,272.8
4342.822424242424,271.5
4494.362424242425,271.1
4592.819272727273,269.1
4647.462909090909,269.8
4773.001515151515,271.5
4921.201818181818,270.7
4981.579878787878,269.3
5086.789939393939,268.6
5218.5661818181825,269.8
5311.175757575757,267.6
5357.548545454545,265.3
5533.289575757576,265.2
5581.297333333333,267.6
5757.606363636363,265.9
5852.259636363636,265.5
5934.091454545454,260.7
5999.3760606060605,266.7
6089.807878787879,265.5
6301.963333333333,263.2
6337.206909090909,262.7
6401.244848484847,261.2
6572.291575757575,261.1
6682.545393939393,259.4
6769.652545454545,262.1
6880.308666666668,262.9
6970.077393939396,258.1
7038.269878787879,257.6
7188.070303030302,262.3
7274.009999999999,263
7405.323818181818,260.7
7497.865393939395,258.4
7661.3663636363635,260.1
7719.5915151515155,260.4
7860.1816363636335,259.7
7926.3653939393935,259.2
7975.853939393939,260.8
8116.284242424243,259.6
8194.798787878788,259.3
8351.876727272727,258.3
8459.675757575757,261.3
8546.579090909092,260.7
8710.678181818183,261.8
8781.282363636365,259
8911.853878787877,260.9
8992.985757575756,260.4
9060.173939393939,259.3
9143.01284848485,262
9295.308848484849,263.7
9361.11696969697,263.8
9436.703454545453,265.2
9518.05903030303,260.6
9524.439454545454,260.9
9555.86393939394,263
9573.266606060606,263.8
9901.037878787878,264.4
9992.609575757577,264.2
10134.50303030303,264
10192.954545454544,263.4
10299.554545454546,265.7
10366.55575757576,264.9
10505.551515151516,267.5
10680.480000000003,266.9
10801.809090909092,266
10835.743636363635,265.1
10954.478787878788,267.6
11089.615757575755,264.8
11161.063636363637,264.8
11185.87090909091,265
11200.576363636363,265.3
11256.567878787879,264.4
11316.978787878788,264.1
11437.7,264.2
11515.263636363636,264.5
11529.656363636364,264
11534.1,263
11537.366666666667,265.2
11540.755757575758,258.8
11548.376363636364,260.8
11612.217575757575,255.4
11688.027272727275,253.9
11753.748484848484,253.8
11940.539393939396,250.7
12017.843030303029,249.7
12078.115151515152,251.1
12154.812121212122,250.7
12313.149090909092,245.3
12404.35090909091,245.3
12442.463636363636,246.6
12507.82909090909,243.2
12579.47878787879,240.3
12822.30909090909,237.5
12952.876969696968,237.6
13199.160606060605,234.2
13436.515151515152,238.3
13626.912121212123,237.3
13726.49212121212,237.9
13911.999999999998,237.6
14188.655151515153,236.4
14248.766666666666,239.2
14262.336363636365,238.6
14385.875757575757,238.6
14580.798787878788,239.1
14811.106666666667,228.5
15137.318181818184,228.4
15421.766666666666,226.1
15657.258181818179,225.2
15790.427272727273,224.5
15936.955151515152,222
16063.836363636365,221
16133.909696969697,220.9
16396.39090909091,219.4
16723.096969696962,214
16971.381818181817,207.5
17155.361818181816,207.7
17288.433333333334,202.9
17395.15818181818,200.8
17708.4696969697,195.2
18212.70848484849,193.9
18499.212121212116,191
18639.52545454545,188.5
18908.2090909091,188.5
19113.55393939393,189.2
19438.1,187
19605.70303030303,188.6
19827.745454545453,189.4
19852.454545454544,192.3
19884.301818181815,188.3
20143.954545454548,188.7
20224.50727272727,188.8
20484.78181818182,190
20818.41757575758,188
21066.110303030295,188.2
21110.50606060606,195
21426.992121212123,187.8
21577.90787878788,186.9
21718.170909090906,186.5
21823.703030303033,184.7
21936.79090909091,186.1
22133.247272727276,185.7
22236.429090909092,184.4
,284.7
3661.9285,272.7
3746.627,268.1
6449.1759999999995,262.2
7567.351000000001,254.5
8167.45,259.6
10555.89,261.6
11326.34,263.7
11960.780000000002,244.8
12630.145,238.3
14177.925,236.2
14984.560000000003,225.2
20662.225,182.2
22997.44,189.2
27490.58,191.6
30633.415000000005,188.5
31336.230000000003,191.7
36036.884999999995,205.3
38058.5,209.1
44888.88,209.1
49242.899999999994,189.3
50788.82,188.4
51894.1,210.1
52841.93000000001,215.7
53933.34,190.4
58215.13,221.7
59477.3,210.4
65222.91,195.3
66826.025,191.4
67974.7,194.9
72700.34,227.3
74350.675,229.1
78559.105,217.1
79529.65,221.7
81582.79500000001,230.9
83327.58,241.1
84218.325,236.4
84521.4,228
85266.82,214.2
86599.3,217
88092.94,208
90331.35,224.2
91441.70000000001,228.3
94216.26,232
99545.175,225.8
100771.8,230.8
101336.79999999999,236.9
103892,228.1
105260.2,236.9
106419.65,230.6
109117.8,238.2
109766.4,245.6
111501,251.2
113309,256.7
114437.25000000001,266.3
115269.2,261.4
115664,274.5
116071,273.2
117287.4,262.5
118266,267.6
118967.75,273.7
119923,271.9
120584.6,265.2
121172.6,277.6
122447.2,272.1
123087,276.4
124161.2,268.7
124206,266.6
124716,266.3
125006,279.7
125194,273
125381,277.1
126023.15,273.7
126110,267.1
126451,262.5
126990.79999999999,262.6
127575,275.3
127834,275.6
128329.95,274
128380,287.1
128818.25,286.8
129224,282.6
129522,264.1
129872.5,263.4
130360,257.9
130464.25,259
132498,245
132673,240.4
133017,228.9
134110,223.5
134911.25,223.9
134959.5,220.3
135571,210.6
136756.69999999998,208.9
136986,203.7
137833.4,204.5
137981,200.4
138005.5,198
138110.8,198
138191.5,201.7
138251,200.7
138547.3,202.4
138925,195.8
139040.5,201.1
139828.69999999998,194.3
140281.25,193.4
140836,194.2
141152.5,190.2
142315.05000000002,192.3
142658,196.5
143937,195.6
143992.5,196.4
145021.2,190.4
148447.5,196.9
152458.80000000002,203
153453,191.9
153570,188.9
155261.3,200.6
158666,189
159716,185.5
160154.99999999997,187.5
163858,204.3
164334.65000000002,196.5
166143,191.6
166784.00000000003,190.1
167914.1,186.7
168745.5,183.8
169514.40000000002,196.6
171939,197.8
174442,197.7
175833.35,196
176853,190.3
177533.92500000002,189.4
177729.5,190.1
179873,207.7
181302,213.2
182196,217.7
183257.99999999997,198.1
184371,199.7
186411,203.4
188437,210.7
189806.5,231.3
191254.5,231.4
191964.075,220.3
193074.5,218
195126.50000000003,226.5
195799.5,220
197587.35000000003,226.4
198327.45,241.2
198938,242.6
201752,250.9
202744.5,239.1
203842,247.6
205203.27500000002,244.4
205575.75499999998,231.9
205944.575,232.2
206359.93499999997,228.6
206896.84999999998,226.3
207240.3,229.4
207622.89,231.4
208108.775,238.1
208274.52500000002,237.2
208821.56999999998,230
209082.25499999998,240.5
209445.04,242.2
209966.085,244.6
210175.17,243.9
210832.06500000003,247.2
211058.465,252
211577.835,246.9
212078.745,239.5
212533.075,257.4
213330.35,243.4
214158.81,251.2
215080.74499999997,241.4
215912.33999999997,240.3
216306.15,242.6
216864.96499999997,247.5
217415.63499999998,251.7
217694.96000000002,251.1
218200.78499999997,245.3
219067.605,240.5
220935.61500000002,214.1
221697.45999999996,216.1
222539.57500000004,207.1
223129.03499999997,208.8
224271.50500000003,205.6
226259.82500000004,203.3
226849.83500000002,215.7
227719.97500000003,235.5
228439.41499999998,234.5
228766.99000000002,233.1
229572.04500000004,224.5
231129.66,232.4
232191.76999999996,233.9
232856.06,241.6
235990.855,245.2
236426.005,252.1
236850.8,241.4
237391.655,247.4
237905.53000000003,243.1
238425.33500000002,239.1
239008.26,245.6
239387.03500000003,245.8
239738.66,247.4
240190.36500000002,252.8
241333.045,259.7
241855.39999999997,263.2
242685.46000000002,279
243138.52,280.2
244121.765,263.7
244582.33500000002,252.3
245057.01000000004,249.9
245564,236.7
246188.81000000006,230.4
246870.48500000004,219.4
249099.87000000005,214.7
251390.57000000004,200.2
252132.25500000003,213.9
252953.72000000006,195.4
253756.68000000005,196.7
254587.10500000007,195.4
256298.65999999997,199
257060.58500000005,201.9
257908.06500000006,204
259396.89500000005,203.9
260894.24000000005,209.6
261293.92000000004,205.7
262054.57500000004,208.9
262817.0950000001,214.6
264583.76000000007,228.1
266134.45000000007,199.9
267007,211.7
268257.83,188.7
268995.5,187.2
269940.47000000003,194.2
271036.0350000001,198.8
272149.6400000001,184.7
273165.8300000001,190.4
274164.07500000007,193.9
275154.63500000007,194.1
276257.7150000001,198.4
277443.0000000001,193.2
278590.9050000001,202.2
279619.0450000001,204.5
280558.95,211
281400.74000000005,215.3
282592.88999999996,223.7
284434.68000000005,231.3
285931.32000000007,228
286609.9550000001,226.4
287443.86,231.4
287820.05000000005,230.4
288286.42500000005,231
290184.5,234.9
290863.79000000004,220.4
291562.87000000005,217.1
292818.31000000006,207.6
293650.74000000005,206
294455.29000000004,206.7
295364.225,212.7
296828.86500000005,213.1
298704.61500000005,217.1
299376.28,224.4
300115.86500000005,231
301025.61500000005,236.1
302084.19000000006,239
303116.00000000006,236
304100.92000000004,240.2
305099.81000000006,240.7
305778.1500000001,250.2
306581.11500000005,248.6
307463.2650000001,244.8
308325.70000000007,225.8
309423.73,227.8
310010.975,226.2
310776.1000000001,233.2
311670.02499999997,237.8
312593.43000000005,239
313343.12500000006,241.9
314051.85000000003,251.6
314836.2100000001,256.7
315657.5150000001,257.1
316450.72,246.8
317149.87000000005,272.6
317932.54500000004,251.6
318852.59500000003,245.2
319829.6600000001,233.4
320916.3350000001,255.8
321817.44500000007,249.2
323383.34500000003,257.2
324166.915,260.4
325007.4050000001,260.3
325823,260.5
326591.0900000001,266.2
327435.83499999996,264
328086.81000000006,266.1
328770.75000000006,270.1
329414.29,271.9
330053.32500000007,275.1
331293.55000000005,265
332144.11500000005,271.7
332798.62000000005,272.6
333500.08999999997,273.1
333997.55500000005,282.4
334349.49500000005,289.1
334543.885,288.4
335102.30500000005,298.6
335707.51000000007,278.1
336377.54,285.8
336867.81999999995,278.6
337516.67000000004,270.5
338213.50000000006,255.7
338991.43500000006,241.9
339983.8900000001,239.6
340735.0800000001,234.2
342791.56000000006,250.1
343923.5850000001,200.7
345000.8500000001,205.2
346320.90499999997,204.8
347544.8050000001,211.9
349139.0850000001,220.3
351676.3450000001,221.1
353174.595,216.2
354412.9750000001,209.4
355817.7699999999,209.2
359010.3800000001,193
360683.84000000014,186.1
362567.6,185.8
365190.23000000016,201.2
368065.9,206.3
371385.8700000001,201.9
373457.61500000005,199.9
375204.59999999986,214.7
377034.8800000001,224.6
378760.2400000001,229.6
382931.4849999999,227
384557.4450000001,240
386283.71000000014,239.1
387824.8150000001,246.8
389410.20500000013,245.8
392287.24999999994,258.1
393654.5800000001,264.6
395101.9999999999,259.2
398119.8800000001,255.2
399596.7150000001,250.1
401081.8400000001,266.3
402474.1950000001,274.6
403715.8,277.1
18906,190.5
23379,189.1
24011,189
25337,187.7
27507,195.2
27781,194.1
28527,196.1
29238,194
29772,191.1
30407,193.5
30881,196.8
31308,199.6
31700,199.1
32090,200.4
32771,200.2
33161,200.1
33341,201.6
33580,200.9
33913,203.6
34364,205.3
36061,208.8
36378,213
36695,211.3
36883,212.6
37545,213.6
37740,210.8
37949,209.9
38149,210.6
38679,210.3
38826,207.8
39100,205.7
39345,198.6
39527,196.4
39960,197.5
40427,198.2
40837,201.4
40990,198.9
41620,201.4
41895,201.6
42131,202.2
42342,201.9
43252,199.9
43612,201.7
43879,205
44239,210
44439,214
44700,216.2
45010,214.6
45222,215.7
45466,210.6
45839,206.6
46511,203.1
46935,200
47175,199.1
47916,202.1
48488,206.9
49104,206.9
50357,212.3
50928,214.3
51367,218
52618,216.9
53630,211.7
54250,210.8
55053,208
55927,211.5
57477,218.2
58891,220.4
59474,215
59955,214.9
60431,212.5
61239,204.6
62751,197.4
63205,203.6
415945.6060606061,276.4
416425.3151515151,271.7
417440.4424242424,273.4
417956.7818181817,271.8
418505.3030303029,274.6
419575.7818181819,273.7
420133.7636363636,271.2
420701.76363636355,273.8
421912.14545454545,268.6
422532.6545454545,266.4
423225.496969697,270.6
424507.74545454566,267.7
425132.26060606056,268.3
425740.9090909091,270.8
426237.27272727276,270
426621.5636363636,265.4
427154.96363636357,255.3
427941.39999999985,252.1
428840.2000000002,248.2
429178.3636363638,242.5
431023.76363636367,219.7
432179.3090909094,227.2
433850.2969696969,211.5
434379.07272727275,207.6
435939.69090909103,209.8
437485.4181818178,207.5
439063.418181818,200.3
440659.5818181819,201.7
442230.775757576,201.3
443844.6484848488,202
445331.72727272735,199.1
447219.18181818177,201.1
448459.1818181816,203.5
449571.03636363655,208.1
450642.8909090911,201.7
451747.2787878788,201.2
452735.8363636365,204.9
453775.6424242424,201.9
454864.3090909089,198.4
456001.6121212118,193.3
457114.43636363646,192.5
457745.1272727274,199.1
458208.2909090909,204.3
458794.00606060616,203.3
459211.5515151518,208.3
460252.2121212121,202.4
461286.06060606067,195.5
462414.10303030314,190.7
463526.6484848482,194.4
464599.47272727254,199.9
465265.3636363636,205.2
465601.72727272724,210
466632.29696969694,208.1
467706.64242424245,204.4
468877.7090909092,203.4
470040.1272727275,205.5
470725.97575757554,206.5
471200.793939394,215.5
471824.53333333344,218.7
472263.06666666636,229.2
472863.2727272727,232.7
473217.81818181806,243.7
473800.8484848487,243.9
474092.3636363638,245.6
474974.10909090936,241.2
475925.2000000002,233.1
476949.7999999998,232.8
477941.0000000001,236.6
478892.4606060604,239.1
479402.95151515136,236.5
479775.69090909074,231.3
480328.2969696968,220.8
480726.6848484848,218.8
481662.9636363636,223.8
482580.96363636386,223.4
483395.3818181817,227.3
484179.787878788,231.4
484936.1818181817,231.4
485667.5212121211,231.2
486398.6727272727,233
487129.2545454547,232.9
487848.0666666667,231.3
488565.45454545465,237.1
489302.09090909077,242
489719.793939394,240.9
490026.29090909084,252.8
490494.9090909091,249.3
490733.9515151515,242.6
491451.0787878788,243.3
492154.5454545456,246.7
492863.7757575757,243.7
493593.10909090925,239.7
494300.39393939386,239.1
495024.1272727274,238.3
495725.6909090908,238.5
496444.0666666664,237.6
497187.63030303037,236.4
497965.97575757577,236.5
498737.41818181844,232.8
499526.7818181818,230.6
500304.7818181817,230.8
501083.96363636357,228.2
501861.424242424,230.8
502637.63636363624,231.2
503418.92727272736,232
504177.187878788,232.2
504911.781818182,234.1
505684.2424242425,233.9
506483.7333333333,235.5
507312.39999999985,236
508117.72121212096,238.2
508940.98181818187,237
509784.981818182,240.3
510652.3272727273,233.4
511512.4484848484,236.4
512363.7818181817,235.2
513204.7393939395,242
514033.1151515151,238.2
514847.7818181817,239.2
515650.7757575757,241.5
516420.9818181818,243
517154.981818182,247.2
517876.0121212122,246.2
518600.4606060606,245.5
519329.12727272714,245.3
520073.3575757573,247.7
520821.80606060615,245.5
521574.4727272729,243.5
523801.8242424243,241.9
524570.8666666667,236.8
525337,235.8
526106.9999999999,233.7
526895.806060606,230.3
527698.6909090909,227.8
528516.6909090912,224.7
529403.4303030304,222.7
530290.5090909093,221.2
531201.3818181816,220.3
532078.7575757573,220.7
532592.5272727272,214.5
532987.5696969698,211.4
533554.3696969697,204.4
533932.2363636366,200
534668.181818182,195.1
535043.5636363637,193.8
535695.0545454544,190.5
536178.4727272727,199.8
537334.4727272725,199.4
538440.7636363636,205
539513.8181818181,206.4
540583.818181818,212.9
541653.8181818181,211.2
542740.206060606,205
543844.872727273,203.6
544885.987878788,208.1
545864.9090909091,210.3
546830.1454545453,209.6
547806.6787878785,209.7
548770.7757575759,204.6
549720.1090909094,202.5
550230.7272727275,208.8
550582.5454545455,213.6
551381.0909090908,215.2
552111.0909090908,219.9
552681.5636363637,221.7
553020.9212121211,222.3
553245.9878787878,226.3
553619.3939393939,222.1
553808.6545454544,220.3
554479.6181818182,223.6
555158.3454545455,224.3
555842.3454545456,226.7
556407.0242424243,233.9
556923.2909090909,241
557198.6545454545,243
557385.0545454546,249.1
557657.1393939393,244
557838.206060606,250.5
558154.5636363635,245.6
558306.0181818182,240.4
558777.6909090909,238.1
559316.0060606062,234.5
559636.7636363636,229.7
559872.6181818182,230.2
560436.618181818,230.3
560965.6000000001,228.3
561450.7393939394,231.6
561888.0727272726,231.9
562310.4909090908,234.6
562655.6000000001,234.1
563134.8545454546,240.1
563535.7393939394,242.3
563927.896969697,245.7
564310.5636363636,245.8
564724.3575757574,247.6
565134.296969697,251.4
565538.9636363637,252.4
565895.6424242425,252.6
566245.303030303,251.4
566588.6363636364,253.7
566918.3515151516,254.3
567239.4909090908,253.9
567548.6545454545,254.5
567884.8909090909,253.2
568204.1393939394,253.9
568534.2363636364,252.8
568930.1454545455,253
569314.5939393939,250.2
569683.9272727272,251.3
570067.2484848484,250
570463.4606060607,251.3
570862.1272727273,251.8
571261.4424242425,251.8
571633.3575757575,249.6
571974.6909090908,251.6
572314.7272727273,250.3
572669.8727272727,246.3
573052.6545454544,247.7
573474.7878787878,249.2
573911.9878787879,248.7
574364.6545454547,251.8
574805,251.9
575234.9151515152,252.1
575653.5818181818,248.9
576111.8060606059,252.5
576597.9272727274,252.9
577113.9272727274,251.3
577652.6242424243,251.3
578195.109090909,251.1
578741.109090909,249.1
579279.3272727273,252.9
579831.8242424242,251.5
580209.212121212,244.1
580400.4909090908,243.8
580815.6424242423,236.2
581117.0121212121,230.3
581546.5272727276,225.2
581926.2363636363,219.4
582454.5272727275,215.4
582834.2363636366,209.9
583576.8181818185,206.7
583956.2363636364,210.6
586720.8424242425,224
587169.4121212118,226
587891.2727272724,234.4
588276.7454545456,238.8
588943.5090909092,246.3
589422.7454545457,250.2
590042.5575757576,248.1
590486.3878787879,243.6
591017.0545454548,237.4
592386.1515151515,225.7
592782.8363636362,229.4
593558.2484848483,233.2
594049.7515151517,238.1
594866.8909090909,238
595433.3878787878,232.9
596221.5575757573,221.2
596788.0545454543,216.4
597807.1212121212,216.3
598326.2424242423,219
599218.2181818187,226
599817.8909090909,229.4
601251.8909090912,232.5
602597.6969696971,237.9
603946.0727272726,239.1
605300.0727272725,244.5
606622.8181818181,248.5
607976.4181818183,254.6
609244.4181818184,259.2
610426.8181818184,257.7
611597.9939393939,259.6
612759.327272727,258
613940.1151515152,256
615137.8363636363,252.5
616353.8363636362,252.4
617606.6363636366,252.3
618950.7272727272,247.9
620280.7272727275,245.4
621648.3393939395,243
623051.6727272726,238.6
624493.6727272725,237.3
625394.393939394,234.3
626043.9696969693,227.8
626974.0545454544,214.9
627825.4727272729,205
629139.6181818187,198.7
629861.4727272732,199.9
631532.0909090914,199.5
632362.7090909099,195.6
634068.3151515148,192.1
635002.8848484848,193.9
636527.7090909086,193
637708.2181818177,194.3
639424.3030303025,187.7
640366.2121212124,189.1
642079.8181818184,190.2
642851.4363636363,190.4
644311.2545454539,194.1
645145.4363636359,194.6
646372.1757575754,188.6
647250.0787878787,190.5
648612.4181818187,192.1
649187.109090909,194.8
650352.4545454545,187.8
650943.1090909095,192
652112.272727273,185.8
652704.9454545457,185.3
653726.3999999999,191.3
654434.7999999999,193.2
655528.2,198.4
656128.7999999997,198.7
657184.6969696967,191.3
657718.3939393935,189.2
658768.1999999995,182.4
659407.8000000002,183.9
660457.4000000001,186.6
661211.8000000004,189.8
662285.9454545458,187.8
662873.781818182,189
663940.7272727274,189.1
664403.2727272729,185.8
392977.15151515143,259.5
394003.6909090909,273.6
394906.1030303031,260.7
398275.1272727272,276.3
399926.1636363636,277.1
400710.08484848496,283.2
402140.91515151504,283.1
402859.8363636364,275.7
404313.296969697,276.5
405062.63030303025,280.5
406542.80000000005,279.6
407282.4969696969,285.6
408818.7151515152,284.5
409598.2363636363,275.2
409598.2363636363,274.2
410453.8,282.6
411347.96969696967,283.5
413258.65454545454,274.9
414210.8606060605,264.9
415179.59393939405,271.6
416184.85454545455,276.2
417203.67878787883,268.5
418234.97575757565,277.7
419318.3090909091,273.3
420438.41818181827,268.9
422889.83636363636,276.6
422889.83636363636,274.3
424204.52727272734,270.9
425451.0848484847,273.7
426767.0363636363,257.7
428411.79999999993,254.1
611555.7636363637,257.8
616298.5636363633,252.6
622946.8,243.3
629768.9272727274,204.4
634879.9151515157,195
657660.6969696966,187.5
659292.9999999999,185.6
661113.4000000005,192.1
662798.4181818181,192
664326.1818181821,190.6
665328.3636363635,178.2
665842.3030303031,178.5
666750.4666666668,172.7
667415.9333333335,171.6
668418.4060606062,175.6
668921.1939393936,178.5
669813.6424242421,185.5
670291.2909090907,189.3
671076.0060606062,192.6
671454.7696969697,194.6
672144.8909090915,192.5
672757.3878787878,194.8
673702.7636363636,198.7
674235.3696969697,202.3
675030.0000000002,209.2
675403.3333333335,213.7
676527.8181818181,220
677150.3636363634,217.4
677597.818181818,214
678333.3757575755,215.6
678738.5030303027,217.4
679451.812121212,226.5
679736.7575757577,230
680314.5636363638,230.8
680631.1696969697,230.3
681228.5333333334,223
681667.0666666668,225
682348.6606060608,218.4
682744.5393939395,216.2
683457.1212121211,217.3
683833.206060606,219.7
684427.909090909,222.6
684757.6363636365,221.3
685297.3090909091,218.7
685683.5636363634,217.5
686267.0545454543,217.5
686579.3454545453,219.4
687151.6969696969,219.5
687449.0181818183,219.7
688004.2848484851,223.5
688300.9151515152,224.4
688808.3090909091,224.3
689159.581818182,227.3
689695.0606060605,228.7
689954.696969697,228.8
690476.7272727273,232.3
690739.5030303032,233
691223.5636363636,235.8
691465.5939393939,234.9
691970.2060606062,235.8
692321.709090909,239.9
692834.115151515,235.6
693079.2121212122,234.8
693576.0303030305,240
693821.1272727274,234
694281.9696969698,235.6
694534.8787878789,236.6
694951.1454545454,235.5
695258.9272727272,235.9
695733.9818181818,232.9
695981.5454545453,234.8
696436.6969696968,234.1
696647.5454545455,234.1
697091.8848484849,235.4
697340.5393939393,234.4
697748.5878787878,235.8
698041.8727272726,236.9
698505.1090909089,236.7
698756.1272727274,237.6
699213.6363636365,234.6
699437.206060606,234.8
699866.2181818181,235.4
700101.8727272729,232.9
700488.2545454546,232.4
700817.7454545454,232.2
701270.1454545455,231
701522.5818181818,228
701995.0909090908,226.4
702202.2181818183,227.7
702737.8303030302,227.6
703008.2060606059,226
703470.6545454545,228.7
703797.6727272728,227.6
704252.6545454547,228.2
704579.6727272728,228.8
705055.9818181818,229.3
705247.206060606,230.3
705723.8181818184,232.4
706051.109090909,232.8
706489.8181818182,231.2
706712.6545454547,231.2
707311.0727272728,233.9
707641.4727272728,228.5
708200.0909090909,228.6
708413.4484848484,228.1
708959.1515151514,229.8
709453.7878787875,226.3
709909.5454545452,225.4
710456.4545454548,221.9
710979.3636363638,219.7
711396.3818181817,220.2
712017.4727272729,218.9
712248.1636363636,218.7
713310.1272727272,218.5
714063.606060606,222.3
714408.7272727271,221.7
715118.6909090909,217.7
715562.418181818,222.1
716305.5757575756,208.1
716591.006060606,205
717352.1818181818,192.9
717951.5757575759,184.3
718772.4848484847,187.8
719293.696969697,195.2
720090.5636363637,206.3
720593.2181818183,211.3
721412.1454545455,213.4
721695.3090909094,213.2
722501.2363636363,210.3
722991.327272727,206.3
723780.7999999998,206.6
724147.7333333333,208.1
724970.4545454542,204.5
725471.436363636,205.5
726244.6909090906,205.1
726582.3090909087,205.4
727895.1878787879,204
728589.1212121214,204.1
728992.8424242428,204.9
729832.1575757578,203.8
730257.1272727276,205.9
730904.1818181819,203.9
731188.8181818181,204.4
731864,205.3
732324,207.4
732994,201.7
733334.0000000001,201.3
734017.9999999999,204.1
734459.7999999997,209.7
735138.3818181817,208.1
735414.6727272726,211.3
736110.1636363637,210.6
736519.8363636364,206.5
737267.4787878789,200.3
737665.3818181821,197.8
738584.8363636363,185
739173.915151515,178.9
740108.7575757575,178.6
740467.3272727274,176.6
741333.4060606061,177.9
741870.6303030304,182.3
742645.3575757574,181.7
743059.1272727273,180.4
743959.6848484846,181.2
744519.4909090906,182
745677.0727272728,180.2
746617.5090909096,183.1
747173.4121212121,180.8
747934.7575757576,180.8
748333.5575757575,180.4
749257.5454545453,181.4
749808.4303030302,182.9
750704.5454545455,184.8
751033.0909090907,184
751968.1818181819,186.2
752562.0909090907,190.1
753482.7636363638,188
753931.1515151511,196.5
755118.4484848484,191.5
755582.9575757578,195.8
756563.5878787879,200.5
756847.4545454549,201.9
757779.9090909095,206
758358.7212121213,210.7
759130.5151515154,215
759567.6303030306,219.2
759878.2121212124,215.3
760108.2727272728,217.6
760510.8787878787,217.9
760936.4909090907,214.9
761865.1090909088,208.8
762163.1454545454,206.9
763106.109090909,206.1
763766.2787878787,212
764670.4242424243,216
765187.0787878783,215
765586.6363636359,225.7
765851.4848484849,221.4
766182.5454545455,224.1
766804.9393939393,222.6
767752.2848484853,216.8
768123.660606061,215.7
769058.5030303034,213.5
769647.5818181821,217.7
770595.3333333331,222.4
771020.6666666671,221.4
771519.3333333333,228.1
771812.666666667,226
772169.5454545456,231.5
772474.5636363636,235.6
772741.4545454545,238.2
772995.6363636361,235.6
773249.8181818182,237.7
773681.9272727269,229.5
774050.4909090911,230.9
774953.1818181816,230
775540.8242424238,233.3
776326.7878787876,236.9
776788.7757575756,240.5
777676.2787878789,238.8
778235.5272727276,243.9
779058.5454545458,246.3
779373.1636363636,246.1
780183.7272727275,245.8
780714.8181818184,243.9
781557.6363636366,248.5
781892.4545454547,242.8
782732.2848484847,248.7
783203.4606060607,246.2
784263.412121212,252.1
785029.4242424243,246.9
785515.9454545452,250.7
786184.8181818182,253.3
786567.5090909094,255.4
787358.3818181822,260.3
787807.8727272729,256.9
788477.3272727273,248.1
788687.7272727274,247.9
789494.5454545455,229.5
789948.6363636362,226.3
790633.6424242426,218.2
791056.2424242425,221.3
792029.5030303028,215.4
792618.5818181816,205.1
793516.9999999998,204
793846.6666666665,209
795130.1818181814,199.4
795686.5454545453,195.2
796845.6363636365,189.3
797386.5454545455,188.4
798680.4181818183,191
667256.7999999999,178.5
670241.012121212,189
690566.6242424244,234
691327.2909090909,235.4
692134.7393939393,241
692933.4787878786,235
694379.2424242427,235.9
695834.3454545455,236.3
715453.9515151517,223.8
717795.2121212118,190.2
720473.0181818182,217
725220.9454545452,203.7
730002.1454545455,210.7
732084.0000000002,209.6
738789.7333333336,198
744336.9454545451,185.2
749532.9878787877,188.8
752258.8181818182,193.8
755273.2848484846,197.3
756692.6181818182,203.4
758063.1575757579,214.4
759395.0848484851,225.5
760660.4181818182,216.6
762001.709090909,214.9
763421.8424242421,213
765000.5090909092,221.3
766487.1212121213,226.5
767931.5696969699,216.1
770903.3333333331,227.5
772461.8545454547,233.9
773859.8545454546,226.9
775240.7515151514,238.6
776606.4121212119,240.1
777943.7454545454,245.9
779204.6181818185,246.7
780449.2727272729,243.8
782940.4787878786,251.2
784128.8424242422,252.5
785267.5090909092,248.4
786429.3151515153,255.3
787568.781818182,256.6
788620.7818181819,246.4
789716.5454545453,239.3
792311.2363636364,217.3
793846.6666666665,224.2
795454.727272727,206.7
799032.2969696976,193.6
34359.949100000005,152.65031329166055
35093.65370000001,176.35650084749824
35663.78479999999,203.35813920490517
36258.585,184.03742634343567
36912.68629999999,204.88908562782092
37319.6559,220.33901414352897
37558.9484,205.9315105030424
38126.697400000005,214.07023610674733
38208.68235,208.86567291047697
38323.97,209.23741570191174
38497.50000000001,209.17789677647903
38682.388850000025,210.80873197896517
38733.934999999976,209.54135187171926
38874.924999999996,207.3946520553076
39039.8233,208.84458307786176
39217.06604,210.675856660354
39322.275,203.81318116918754
39475.79,204.78551045699257
39662.5814,200.07946797327006
39876.21141999999,199.7889241647409
40028.85,197.11125822742684
40137.479999999996,195.89720776629443
40308.4,197.90454896091208
40485.94648,201.32268604261674
40553.43999999997,201.48445246633034
40754.3,200.46615960740988
40907.388600000006,200.96619797440226
41167.90404000001,201.53203042679758
41303.5942,204.18539759772148
41605.9736,205.49006636725477
41759.207500000004,201.12434903906262
41900.68680000001,199.89056576724948
42315.817500000005,200.8960917386434
42628.3001,204.82674347655342
42849.867,206.35415471090323
42968.078199999996,204.26047843855292
43171.885,203.16207190191966
43350.662500000006,201.66462398159248
43515.82055000001,204.2219503591491
43661.157549999996,203.18091908152513
43809.01,201.68967291161366
44095.19614999999,204.30591912829976
44204.44639999999,201.99679013111552
44350.46499999999,206.22156348649375
44490.50250000001,204.82615482707928
44655.53499999998,212.28537276723182
44816.0105,210.4383494018988
44996.156999999985,211.4870756888481
45142.015,207.9533487146811
45280.38750000001,213.9182293789752
45460.322400000005,214.5013713408328
45696.05500000001,217.51186974587569
45877.10855000001,222.71746789063323
46057.33380000001,221.7721744693644
46181.255,219.24687294689662
46308.5475,218.34888238109227
46635.901999999995,216.41663219437746
46746.4378,214.18284619947886
46887.935000000005,210.83763232817873
47086.27499999999,210.2720270577908
47314.97619999998,207.5966069009341
47524.35689999999,204.25993514002081
47710.390000000014,203.7878948817506
47943.751099999994,205.65965094423697
48223.18175000001,206.18208295015899
48427.859999999986,200.97514386943084
48987.952649999985,201.57862918592315
49302.98039999999,200.12004323663527
49462.655249999996,204.05803785391646
49728.31500000001,203.8713291389937
50006.51000000001,204.37676012041777
50220.546899999994,206.74402693868802
50527.41474999999,207.40999031146947
51029.17010000002,207.63643592103043
51431.446599999996,211.57084710504336
51779.530000000006,215.07712976760632
52086.81984999999,213.81781717736385
52384.780900000005,219.08254103386616
52573.676,220.7236106732058
52800.742500000015,221.1479059817251
53108.25250000001,223.71721395019227
53400.45315000001,223.261990272584
53806.25204999999,221.13790909272413
54156.60319999998,220.3743647767866
54387.125000000015,217.95673832028174
54694.61249999999,213.88701388029443
55014.48765000002,216.8579026931373
55293.459149999995,208.19350573591464
55553.13,214.7766439566713
55909.53739999998,210.2748744860088
56237.12940000001,207.67411308560085
56503.58249999998,212.4366913146648
57210.94264999999,215.69652704379405
57476.264999999985,217.37632438255054
57843.72470000001,223.71829246142204
58217.01230000002,224.35339767076476
58433.319999999985,223.14855036746204
59105.06914999999,231.29357613421678
59380.40500000001,226.35329184425117
59733.46935,223.45481611599993
60245.89859999997,227.14373352769468
60425.75999999998,222.3235337089963
60770.09000000001,220.9626915237875
61212.96724999999,215.79052504439562
61710.63349999998,212.01818641577057
62036.20059999997,209.82213270668063
63455.299999999974,199.4574585139323
64065.85229999998,197.6678460969108
64572.58500000003,203.5522116260079
65159.84140000003,205.73929662190696
65928.20040000005,205.34653640349373
66422.35749999998,199.1114801740536
67065.31499999996,196.79155001988389
67964.88089999996,202.48022841803123
68952.10940000003,208.1629501805594
69672.40420000005,207.65262466240344
43205.41283333333,193.77643018978202
43761.68897777779,199.2638780677422
44024.70106666666,188.6198931670105
44580.9120888889,199.97729629857014
44853.28806666666,212.4053031505864
45319.785599999996,209.09512138802032
45621.378866666666,211.96055472799657
46165.16346666667,217.5703443366966
46362.843199999996,207.42549687705542
46837.661049999995,206.77969645820593
47095.36259999999,199.65714105163704
47622.03736666668,205.29663960346429
47939.4729,200.27518902506057
48471.90428235294,199.11577167355696
48700.061133333315,193.5907154340149
49241.59037333333,199.4091172089488
49585.836,202.36322819891456
50117.80266666667,200.28839159154657
50469.37879999998,202.7999369155279
50955.96977777778,205.89485852332405
51340.23256666665,205.32865881359385
51785.817763157895,210.443352460759
52038.38396666667,210.71331989323738
52187.25400000001,213.7931806160555
52558.07573333334,217.99937405737356
52856.10506666667,218.1854167443617
52949.639533333335,215.9146188892109
53329.737433333336,220.4289677893804
53498.3427,219.0064334629168
53718.288100000005,218.4133767171881
54117.91999999999,212.74650754091184
54227.6607,214.46398055863634
54451.73483333334,211.89130121561072
54835.838533333335,208.68085212832077
55090.96833333333,209.42191842775998
55271.9369,209.6887435935284
55680.87519999999,209.46570805759598
55981.47906666667,203.35487758301343
56071.212333333344,205.04913441856604
56549.5588,205.37224115692044
56742.31066225166,203.69959245916777
56903.586879194634,208.19401161762693
57323.26713333333,210.73515195107294
57662.1288,217.75109321276113
57748.648000000016,214.24316362982537
58095.83493333333,219.03554929831557
58384.53382550336,218.40884082584708
58455.86577181208,225.73134591592168
58737.84586666667,218.44237754681717
58990.2377,221.59262927822675
59101.39300000001,226.80312069746438
59433.24923333333,223.41245330991646
59694.21053333333,221.8391329078553
59772.21376666667,223.9076149787928
60109.88306666667,216.66068075629482
60373.05923333333,212.87091028761074
60516.6315,217.25313232793502
60817.61723333333,213.77895408048403
,194.36
,191.14
,192.54
,204.27
21248.631442105256,195.37
21503.36658596491,197.12
22078.42951929825,195.81
22553.14352631579,199.75
22754.539888888885,194.62
23071.955573099418,195.97
23629.82823712575,194.74
24116.4692089155,189.76
25307.182204258148,192.21
25995.221357285427,184.4
26512.063943446432,188.07
27259.035802395192,201.96
27693.168510578827,204.98
28071.089701149423,205.91
28441.64703448276,207.48
28936.901599999997,205.54
29378.507837383593,201.49
29838.655434042685,197.51
30249.941804692684,195.36
31385.127210125982,195.09
31869.031639043547,202.29
32386.55300824343,203.67
33810.9040829189,208.11
34079.2216667095,205.25
34357.3006880081,201.53
34621.713952768914,213.08
35267.35328733695,206.62
35703.28144550185,209.93
36309.933554517265,207.76
36780.16989450864,212.63
37070.871617079945,213.98
37383.69898919118,217.48
37835.938862687624,216.21
38113.60340469547,216.52
38250.73973165234,212.5
38354.555040743166,211.09
38501.793967214006,214.78
38796.56660670851,207.63
39226.81671972054,214.06
39352.777960321844,213.84
39566.08420375677,203.03
39957.36497450636,202.11
40201.47365004355,203.78
40689.35096815931,203.4
41510.6454995734,201.3
41977.60615322471,202.69
43014.31344531504,204.64
43878.84470510927,207.18
44450.238164848546,210.31
45030.766204903004,214.57
45603.00502454226,216.83
45795.385209892396,215.54
45971.294039293556,219.62
46361.762341872294,221
46585.808263374085,217.56
46668.18345075339,219.39
46755.93230394305,218.62
46887.23476824368,217.23
47124.46570884761,211.58
47386.67072342535,206.99
47529.41879302349,209.25
48053.56442620545,205.61
48463.7304769868,204.28
49046.722772015026,205.36
49248.98795669546,205.51
49964.4666112057,201.79
50478.416447343465,211.47
50594.47364390933,207.15
50828.05513124799,212.35
51285.613599001284,213.91
51943.48346521764,216.76
52591.258609723904,215.07
52929.77341839498,218.12
53142.15539590807,221.08
53664.728061730144,216.69
53883.754763977544,217.93
54080.3264774583,218.83
54352.663989320026,219.08
54555.65111058328,215.7
55157.824645599365,212.28
55812.25808452401,213.25
56395.130495429294,205.57
56666.77718484847,212.48
57380.46836825757,215.94
57916.30672111111,215.25
58447.12167785236,218.27
58576.79414285715,223.09
59375.066919047626,222.69
59722.99039740909,224.99
60152.00830181819,220.11
60572.44557000001,224.21
60721.848744954536,217.96
61043.269390909096,218.85
61730.224668,210.28
62315.519277136365,212.26
63092.70129672729,204.65
63516.77285090909,206.76
64170.74265272728,204.06
66844.35878966852,208.22
67710.97626998094,207.08
68711.87494595806,217.67
69762.23527976635,211.79
69810.03190797969,219.64
69870.25293510882,222.4
69996.61201457655,223.63
70176.73907579332,220.43
71179.87734916792,244.03
71340.8628796335,240.28
71493.80051787224,246.47
71640.50139550788,247.22
71934.05650032568,249.96
71958.33122641816,248.32
72090.64133884,238.7
72220.08148012859,238.61
72310.14899974415,238.78
72412.9211636226,238.84
72513.99982963181,231.99
72704.78545641479,237.98
72996.99444051753,237.26
73125.60639471805,233.74
73413.47709101395,234.85
73650.49840335047,234.35
74424.91800821823,237.17
74474.22115849078,236.62
74892.83118950925,240.58
75438.97178886719,246.81
75676.73733717816,244.19
75820.70498742138,246.3
75970.67187059269,236.93
76105.28135105768,242.8
76248.53543205641,241.26
76301.76779035627,237.79
76618.29249247185,240.63
76753.99194434907,235.11
77032.90802744415,231.11
77294.39133905084,228.82
77530.54340384982,223.79
77898.3363464837,230.49
78332.44065370689,228.85
78564.63523499138,226.25
78878.64658433384,229.45
79488.67721650463,229.56
80255.06251191156,232.82
80440.6466457023,240.83
81230.65994841554,235.51
81796.92488258806,238.65
82419.42048413375,240.08
82542.91875267749,233
83513.81638732464,250.22
83624.43532730482,246.47
83651.30776764936,244.08
83935.88614110622,250.7
84062.3123464723,248.75
84131.89767693008,237.44
85328.56828551074,240.19
85501.30615549788,240.36
85857.76287401968,233.84
86375.50133219382,241.73
86567.61787946925,220.23
87053.40426290368,225.72
87522.56884196098,228.99
87883.15908228018,229.26
87997.84096899036,218.37
88038.89074353047,222.25
88430.77376878503,236.19
88470.13775419063,235.65
88531.37062037719,242.07
9274.2,256.9
9274.2,261.57
9516.193333333333,258.3
10178.3,265.55
10178.3,258.4
10801.233333333334,268
10828.066666666668,266.91
10828.066666666668,268.21
11063.533333333333,262.8
11509,261.39
11509,262.37
11528.5,263.23
11545.1,260.3
11545.1,258.46
11984.533333333333,247.84
11984.533333333333,252.26
12272.933333333334,246.8
12272.933333333334,250.44
12492.699999999999,245.26
12492.699999999999,244.68
12795.4,238.67
13084.933333333334,236.02
13084.933333333334,237.24
13144.766666666666,236.96
13144.766666666666,233.57
13384.8,238.9
13384.8,236.98
13587.733333333334,238.02
13608.7,237.63
13668.8,238.02
13818.4,241.54
13818.4,241.97
13904.2,237.72
14230.433333333334,238.32
14355.633333333331,239
14576.733333333334,239.03
14677.7,241
14677.7,236.98
14739.566666666666,232.52
14853.633333333333,228.76
15024.699999999999,227.7
15381.1,228.24
15470.56666666667,227.99
15772.7,225.44
16025.4,219.05
16118.266666666666,221.08
16344.900000000003,217.69
16486.5,215.5
16943.533333333333,210
17266.766666666666,201.12
17368.43333333333,195.8
17616.5,194.05
18466.33333333333,188.63
18848.300000000007,187.61
19048.73333333333,188.37
19404.1,188.26
19576.633333333335,189.01
19825,189.39
20120.833333333336,188.37
20420.6,188.96
20757.933333333338,189.12
21038.9,189.74
22229.599999999995,185.16
124858.66666666667,277.64
125326,275.61
125326,278.5
125561.33333333333,271.68
125807.66666666667,272.59
126306.33333333333,273.47
126739,267.19
127078,271.56
127503.33333333333,274.81
127660,277.27
127829,287.48
128172.66666666667,290.23
128507.33333333333,290.49
128878,269.37
129254.33333333333,264.77
129437,262.02
129659.33333333333,263.41
130033,261.69
130249,256.15
130678,250.59
131152.33333333334,243.17
131695,237.9
132425.3333333333,231.29
133071.66666666666,225.26
133358,221.53
134074.33333333334,210.48
134970.66666666666,205.67
135387,204.27
135904,199.63
135904,199.03
137069,193.45
138119.33333333334,196.78
139274,191.09
140527.33333333334,186.38
141093,184.07
142449,193.07
152007,200.6
152578.33333333334,202.96
153135,197.17
12890.30606060606,237.63
13665.230424242425,238.59
14033.384848484848,239.64
14250.630181818182,240.84
15335.645939393937,227.77
15845.264242424242,225.01
16185.432848484847,222.92
17092.363636363636,210.65
17828.582121212126,197.6
18420.960606060606,193.61
19521.784848484847,188.38
20069.490909090913,189.92
20683.183939393948,187.59
21280.336666666662,190.55
21382.60303030303,188.83
21426.141090909092,189.89
21891.5593939394,187.25
22117.93006060606,191.58
22294.476363636364,190.53
22490.945454545454,191.63
22595.81818181818,192.16
23120.9696969697,193.59
23435.604000000003,191.5
25171.134484848488,189.96
25396.817878787882,187.07
104331.2290909091,238.88
104966.44545454546,242.36
105507.14848484848,248.78
105989.87272727274,257.58
106256.37575757576,241.4
106368.25454545455,244.83
106974.81818181818,240.34
108401.90909090909,236.43
109129.41818181818,244.44
109839.9696969697,244.13
110555.36363636363,246.69
111876.80000000002,257.93
112636.06060606062,256.79
112941.72727272728,263.12
113119.2696969697,264.75
113678.63636363635,260.58
114250,267.9
114815.39393939394,275.07
115446.67272727273,276.96
115908.57575757576,273.16
116475.57575757576,273.63
117185.55454545454,274.03
117619.36363636363,274.98
119242.51515151515,267.74
119715.5,274.59
120144.12121212122,268.73
120542.90909090909,276.82
121426.01515151517,279.48
121841.9696969697,276.61
122100.00181818182,278.25
122292.36363636363,279
123013.95454545454,279.16
123630.90909090909,274.6
123959.48484848485,275.87
124404.51515151515,281.54
124817.45454545454,275.52
125292.63333333335,276.81
126013.70303030303,275.15
126699.90909090909,273.02
126962.0303030303,274.93
127313.8303030303,275.78
127503.5496969697,276.88
128024.47636363636,276.03
128172.66666666667,280.72
128466.72727272726,285.76
128878,271.08
129078.03636363636,268.44
129655.63636363637,260.61
130373.0303030303,251.84
130818.36363636363,250.84
131322.19999999998,241.13
131976.24242424243,232.28
132709.87878787878,228
132931.95757575758,224.63
133775.80606060606,222.74
134522.2787878788,212.43
137763.42424242423,199.18
138834.296969697,198.55
139949.96969696967,192.75
142360.5618181818,196.51
143651.30000000002,194.59
144799.59090909088,196.02
146108.24363636365,193.59
148233.46545454545,195.81
149466.14545454548,201.78
150594.8848484849,202.51
151444.85454545452,202.35
153774.6575757576,198.78
154889.1272727273,196.3
156306.8181818182,189.38
-46.5,359.5
-44.5,356.9
-42.40000000000009,353.6
-39.799999999999955,349.7
-33.700000000000045,341.2
-23,326.4
-23,329.2
-20,324.8
-17,322.9
-14,319
-9,316.3
-8,314.4
-7,314
-6.099999999999909,316.3
-5,313.5
-5,313.8
-4,311.7
-3,312.1
0,312.6
1,311.2
2,310.5
3,310.8
3,310
3,311.5
4,311.5
5,309.7
6,311.4
6,312.1
6,311.3
7,310.5
7,311
7.900000000000091,312.3
8,310.3
8,310.9
8,311.6
9,310.7
10,311.9
11,310.9
12,309.6
13,309
15,307.8
17,307.2
21,307.8
21,305.7
26,305.2
27,303.2
31,303.3
31,303.6
36,300
36,300.7
38,298.4
41,300.4
46,295.1
48,295.7
48,295
51,296
51,296.2
54,298.2
56,293.8
61,291.5
61,292.2
64,290.6
66,289.8
66,289
76,290.5
77,287.2
81,287.7
83,285.2
86,285.4
91,286.5
96,287
98,288.6
101,287.7
104,283.3
104,285
106,286.5
112,284.1
115,283.7
124,281.3
136,284.3
150,281.1
156,281.5
169,276.8
176,277.8
187,276.3
198,276.4
207,276.7
216,278.2
227,276.9
260,276.3
310,276.6
321,274.5
340,271.8
362,281
390,281.7
519,282.5
521,279.5
539,279.6
600,280.1
644,281.5
674,281.1
692,282.1
743,283.6
790,283.9
845,282.8
892,282.8
925,280.8
945,280.5
982,278.5
1006,279.1
1053,278.9
1093,279.3
1151,278.5
1186,278.5
1220,278.5
1252,279.7
1282,279.4
1318,278.3
1354,276.9
1378,277.6
1413,276
1450,276.4
1489,276.7
1522,276.9
1585,277
1621,278.9
1648,279.8
1676,280.1
1722,281.5
1748,280.7
1782,280.1
1814,278.1
1846,277.5
1894,277.4
1920,277.9
1949,276.7
10.099999999999909,311.57765024925
14.599999999999909,307.0674781955417
16.799999999999955,306.5317656496
25,303.90778620500004
33.59999999999991,298.793713975625
40.90000000000009,300.73731028275
49.299999999999955,295.9004680516
58,294.02306849449997
67.20000000000005,292.0720063885
78.5,289.8024035305
88.40000000000009,288.27606242716666
92.40000000000009,286.70990372983334
101.59999999999991,286.91562796549994
111,285.27978847866666
121.59999999999991,285.9434150453333
126,286.0263683661667
138,284.3991560247
144.19999999999982,284.37559728158334
145,282.64270240937503
153.79999999999995,283.7318795119167
163.20000000000005,281.7260682141667
164.29999999999995,284.20139530783337
172.4000000000001,281.80570340216667
180,280.0052845268
191,281.67961435449996
199.9000000000001,280.1101375243333
206.79999999999995,280.6310843791667
215.4000000000001,278.7132036015
223.79999999999995,281.39093679800004
233.5999999999999,278.9454728998333
242.9000000000001,279.0203678980714
251.19999999999982,279.452317690125
257,278.860030979375
266.20000000000005,279.0997660765833
274.79999999999995,277.7237363906
280.9000000000001,277.9964869095
305.9000000000001,279.173594532125
314.5,278.835144983125
318.5,281.30632441075005
329.9000000000001,278.5522741590834
336.9000000000001,282.20940956355554
348.5999999999999,280.875796675625
354.5,279.915197220375
363.0999999999999,283.2165734829
369.79999999999995,283.8928089543333
375.70000000000005,286.3780904465
385.9000000000001,285.50011249880004
396.5999999999999,285.7728630177
402.5,283.8911498879167
413.9000000000001,286.328318454
419.5999999999999,284.693308500375
430.29999999999995,285.531966574
436.20000000000005,285.305504008125
449.5999999999999,285.3262423383333
458.5,282.17235708025
468,282.72814432983336
477.9000000000001,283.3154538413333
482.79999999999995,283.7766743051667
493.0999999999999,281.08981624337497
502.70000000000005,283.5112236785
510.5999999999999,281.85381632825
521.9000000000001,282.51246569566666
528.7,284.556435521
537.2,282.5356926255
543.5,284.76050069025
558.7,285.2233802205
568.5999999999999,283.53610967475004
571.3,284.13171451833335
580.8,285.31628793983333
593.8,284.6838518218
601.7,283.7169479141666
610.9000000000001,284.9105276962143
621,284.54025962343746
629.7,284.3780858812084
638,285.37601433083336
646.9000000000001,283.78994683650006
652.3,284.3706200823333
664,284.683354101875
671.1000000000001,283.717777447375
679.8,284.8683400073333
688.3999999999999,286.12923048399995
695.2,283.22752332125003
701.6000000000001,284.32084808983336
714.8999999999999,283.55435940533334
725.8,286.19780522922224
732.4000000000001,284.07530626016666
738.0999999999999,284.24784916749996
744.5999999999999,284.2743942301667
746.8,287.4929830785
756.3,286.4743162986667
770.5,285.141256432875
780.3,286.27356926225
800,287.36855309725
806.3,284.56141272025
823.6999999999998,286.149139281
833.0999999999999,285.2698340801667
847,286.52989502362493
859.5999999999999,285.4058775263333
867.5,285.44486558712504
873.3,284.5232541926667
877.8,283.33204450550005
903.3,283.88451362225
907.4000000000001,282.13253948625004
908.5999999999999,282.25497858780005
911,280.60122118366667
919.9000000000001,282.896539571125
934.1,284.02221613483334
948.3,282.025529702375
956.9,282.047927099
122.68114000000011,290.6255743362656
134.11314000000013,290.38523380722086
145.61182666666656,288.3972053894925
159.94379416666683,287.79603246127266
174.47412750000015,283.1331063741354
189.0286780555557,283.2962000061526
202.41643416666682,281.62346465028895
215.77876750000016,280.2772560984432
230.62197916666668,284.5562303016557
243.4036875,279.60253253965857
258.4008919444443,276.8792872103132
272.9111741666668,280.5262742630634
286.76465000000013,281.0796652352811
300.5846500000001,280.4899941447299
314.4046500000002,278.17591036520093
329.57855500000016,280.47467939521056
344.8125550000002,278.2307402046599
360.0465550000002,279.5672086515939
374.10538333333346,280.5883336119609
387.9719833333332,281.9463967448819
405.01771583333317,279.60681011154196
417.1027824999998,280.2185167627642
433.8708125,280.8387532156813
442.85908083333356,280.51794310142094
447.3154491666665,283.1798616350835
479.8003227777777,281.1102720780126
493.82594416666683,283.40090808641014
495.3920833333333,283.5574917184691
508.3231899999998,280.5358164603516
524.45075,282.76089269551943
537.0065155555553,283.0560675913457
551.9790209999999,280.2057979997176
563.3506269999998,280.9388407632465
579.698125,281.9935581246692
594.3481183333331,282.53141938201355
595.7977883333334,285.8168963146909
599.2545749999998,280.83219911277024
610.0963149999998,281.5154445114305
639.4914166666666,282.7453560100354
651.4019900000002,282.16224028726833
671.8183361111113,283.59952251327394
686.8393850000002,282.1936287910644
688.6617916666667,284.98156562111416
703.1195316666668,282.9434533528019
720.8795,281.62641436298213
736.1234200000002,284.4216307418194
738.0074999999999,282.5089836184976
753.6511283333336,282.1540236420778
780.4074166666667,283.751958972766
791.2432183333335,284.6339957256492
792.7522783333336,283.3951158682888
808.010551666667,284.7095815072394
834.262125,283.4927060505495
847.5576483333334,285.8297218644756
849.1889166666666,283.8278984763525
858.5348044444446,282.0754129124658
863.4277300000002,282.6176186927535
896.0293750000001,284.11150300725103
908.3095950000003,283.55231457658255
924.8925,284.5002396124801
937.7330333333335,283.0061358145081
942.8270799999995,282.82044407632355
957.3999600000003,281.9102186800945
994.2865833333334,282.0220072772952
1004.7875011111113,282.60066724635857
1006.9110633333332,279.0787771703706
1019.600016666667,278.1134434478008
1040.2554166666666,280.25862964758824
1049.3509833333328,279.57340670883207
1053.8605500000003,281.05209864166295
1099.571383333333,279.1921550521413
1248.156583333333,279.2327037834648
1418.2446999999997,278.49261913063606
1606.9335499999997,279.9963383145712
1803.2905333333329,279.06856659171353
1978.0114999999994,276.22063602301625
2062.9454,275.9761577537513
2280.248416666666,275.2522749686739
2451.8609499999993,274.2706022855074
2656.2170500000007,274.2569209566079
2833.830633333334,276.17792378676324
3015.200750000001,274.21364406167964
3197.4921833333337,273.7017091688444
3407.486316666667,273.8911846396268
3582.984300000001,272.38437345788924
3816.9602000000004,271.5660507170192
4017.1724666666673,271.40023510200206
4219.469433333334,271.4185249039638
4420.927566666667,272.5687208167142
4635.499300000001,271.40884201024426
4831.53675,270.7272012085743
5047.803883333333,269.08432413775193
5278.023233333334,268.1991364966365
5478.16285,267.19991794247625
5724.554583333334,267.5421410420069
-51.02999999999997,367.999993001987
-51.02999999999997,368.0449828028473
-48,361.78073658846415
-46.27927212999998,359.61974719554144
-46.27927212999998,359.6749879681196
-46.27927212999998,359.64864438559124
-44.40564212000004,357.3525256572212
-44.40564212000004,356.9584375140511
-44.40564212000004,357.02395565685794
-44.40564212000004,357.09203996921576
-43.07999999999993,354.31263029324
-43.07999999999993,353.58074037458414
-42.313517060000095,353.8564137720475
-42.313517060000095,353.65940860907494
-42.313517060000095,353.65076974111884
-42.313517060000095,353.73035113477164
-41.134816709999996,352.5020802552528
-41.134816709999996,352.3305365842145
-40.53655942,351.8302455686804
-39.97139973000003,351.13830684610946
-39.97139973000003,350.7181907449942
-39.97139973000003,350.569459131815
-39.407967809999946,350.04560223019763
-39.407967809999946,349.7959810737173
-39.407967809999946,349.7756872053048
-39.407967809999946,349.58381092885685
-38.966334940000024,349.53373379799166
-38.966334940000024,349.0230955012693
-38.06951193000009,347.59740561133145
-38.06951193000009,
-37.20859160000009,345.44120600376243
-36.616016200000104,345.1368764254465
-36.616016200000104,344.97480308074086
-36.616016200000104,344.5065200746217
-36.616016200000104,344.2528748730704
-36.14322833999995,344.2843518816444
-36.14322833999995,343.663001641546
-35.76218001999996,343.6443869753662
-35.76218001999996,342.88471042323806
-35.76218001999996,342.80315875214
-34.916752950000046,342.53063808970336
-34.916752950000046,341.5733147227089
-33.07684986999993,341.5826638382337
-33.07684986999993,341.16119788310215
-33.07684986999993,341.42197270968006
-33.07684986999993,341.15135254539393
-33.02591865999989,339.5152084091837
-33.02591865999989,339.4057686335115
-29.14258988000006,335.2255738516231
-29.14258988000006,334.4715372134238
-26.796750369999927,335.54695345792317
-26.67036968000002,332.3689555204767
-25.570921230000067,332.3656863259178
-24.133413320000045,331.54980566810485
-22.088334380000106,328.41588801232757
-22.041017810000085,330.3504422217994
-20.872681979999925,326.3093257445175
-20.65630200999999,326.6491948420144
-20.637150239999983,324.90492011289086
-20.637150239999983,324.8810194360893
-20.637150239999983,325.0382094229711
-20.637150239999983,324.7998256800508
-20.22168347999991,324.5570616692709
-19.423218019999922,323.87467047016156
-19.42203954999991,325.5374446835465
-18.98437082999999,325.07717594979096
-18.813869489999888,324.08551736938495
-18.53874855999993,320.38065078205506
-16.78904407999994,320.4923553617883
-16.54523532999997,322.1747797142201
-15.866011569999955,320.98156635342656
-15.297878110000056,319.1950596158425
-15.226349230000096,319.8929363220089
-13.564495589999979,319.12347301713646
-13.200018279999995,319.06606441856763
-12.6152798600001,319.77605827448537
-12.6152798600001,317.44606695465427
-12.542091540000001,317.4481354802273
-12.395341090000102,319.1381732232432
-12.321916399999964,317.5216280215933
-11.71589999999992,316.59261011941027
-10.568661719999909,318.20658038167187
-10.31404479999992,313.0933880516286
-9.092695849999927,311.98389241638387
-8.56297111999993,316.3340200101121
-8.102785849999918,316.1014028920352
-7.872424290000026,314.57216625352925
-7.257538840000052,315.2703546298443
-7.203373640000109,316.43892736076845
-7.203373640000109,316.2928012972935
-7.203373640000109,316.3272178354802
-7.203373640000109,316.2425742358726
-7.103747099999964,314.23638292143335
-7.103747099999964,314.63773267233756
-6.157200000000103,314.4552794500995
-6.157200000000103,315.5358065293993
-6.157200000000103,316.0351357655792
-4.795964650000087,314.8253417001523
-4.795964650000087,314.6025809876587
-3.791544359999989,313.1710570119369
-3.7139373699999396,312.8003637775662
-3.5585613600001125,312.7532516171712
-3.5585613600001125,311.6922300483932
-2.3839181700000154,312.1844627182946
-0.25090000000000146,312.0017776102837
0.33152825999991364,313.6602846482332
1.225945319999937,309.6939936066409
2.2935130999999274,311.57094999761165
3.3366031699999894,310.36290017732523
3.3731399599998895,313.21174406076346
3.3731399599998895,312.52098023210357
4.38416084000005,312.5596867804179
4.442779830000063,311.9671347125998
4.6126112699998885,311.8114965345337
5.037190190000047,310.440204448011
5.2356770799999595,311.2775834649954
5.490957340000023,310.224309572614
6.426352059999999,312.36164019507424
7.792658919999894,311.6176346382123
7.792658919999894,312.1384725184697
7.964587149999943,311.90375721589083
7.964587149999943,313.78370871604477
8.22030175000009,312.7370657665416
8.22030175000009,312.05081147133444
9.160584629999903,311.80226771747726
9.245991239999967,307.7386635857962
10.030999999999949,309.80091502114107
10.408172680000007,310.9510867188181
10.77751491999993,311.0361345099159
10.77751491999993,311.3874541483345
11.03227736000008,312.36342146741725
11.03227736000008,308.5499135713751
11.838400000000092,308.47982780846024
11.870147509999924,311.94102882822733
12.132119869999997,310.6586926052243
12.132119869999997,312.382326849556
12.233306950000042,312.501072864396
12.233306950000042,312.5806216853953
12.233306950000042,312.2269259743025
12.233306950000042,312.3116530615644
12.233306950000042,312.0710880824047
12.233306950000042,312.2845912594188
13.136785700000019,307.0555671208528
13.136785700000019,307.75981922832034
14.12664190999999,309.52132105952495
14.12664190999999,309.1680526705952
14.290543329999991,307.25859856593024
14.94369888999995,306.3197983876916
16.123575399999936,309.6306260790445
16.40695077999999,306.7586062658141
16.40695077999999,306.6304146533345
16.40695077999999,307.8376120370688
17.219075570000086,305.94402817135216
17.462700710000036,308.27919921307927
17.70639580000011,308.25556223436706
19.17030616000011,305.7177398041888
19.17030616000011,305.76409758436415
20.613674270000047,305.8354964326462
20.613674270000047,305.22823662503055
20.613674270000047,305.39063713078644
20.613674270000047,305.36916930445204
20.613674270000047,305.15718596024954
20.613674270000047,305.304234832072
21.256399999999985,305.78294147245686
21.46069323000006,305.70537216677735
21.843200000000024,305.66786848134046
22.203540369999928,307.61826355772223
22.203540369999928,308.4192201659071
24.686957090000078,305.32064368023885
24.686957090000078,304.61766989412763
25.251618980000103,304.7159146968185
27.163116590000072,306.13061399705606
27.163116590000072,307.6999742037404
27.163116590000072,303.1389914555462
27.163116590000072,307.82491754334364
27.494957789999944,303.1815383191544
30.2922188,301.8758603769565
31.331601200000023,304.61320734820134
32.12541188,303.4360627838425
32.12541188,303.6719973620779
32.12541188,304.0609729843993
32.12541188,304.2398521497749
34.213969129999896,301.9151507114715
35.60700403999999,301.0722401652447
35.60700403999999,300.32793714693855
37.484859689999894,301.29772622272134
38.71498595999992,299.25727749401767
38.90461155999992,297.7268153632511
39.284149150000076,298.10624698316605
40.23523068999998,297.86910679162327
41.47609211000008,301.50413540464433
44.225799999999936,299.62686294971274
44.45643668999992,297.32821856127947
44.64919585999996,299.0235966178361
46.09347466000008,295.9913578166476
48.298125289999916,295.25562332443434
48.298125289999916,294.437358044267
48.30289999999991,297.1389291212222
49.82164923999994,294.22072160003313
51.057595010000114,297.0473645165553
51.34283968999989,295.2814574829282
56.24367503999997,293.80883068272027
56.34117893999996,293.16654166689625
56.9396999999999,295.3164626735822
57.12160448999998,294.8594308441452
57.6094814600001,295.17192926023625
60.1310578099999,290.9175394046256
60.992519469999934,292.3845273717589
60.992519469999934,292.3002485067955
62.60553327000002,294.34178746728605
64.39987096999994,288.1157636999787
65.82009999999991,289.2265988139854
66.20852756999989,289.7624132149648
67.07764627999995,292.46393479402104
70.04941602000008,287.7707291897673
73.09478323000008,289.3281310647417
76.2620196800001,291.5581974658393
77.17362217000004,286.6550967370638
79.95531419999998,286.32578146070443
80.3438782799999,287.9864944292303
81.58508690999997,289.8324407412929
81.58508690999997,289.23984908475535
82.26960000000008,287.9922513016967
83.25611204999996,284.70897353203816
83.25611204999996,285.3956110242991
85.87161822999997,286.65415816058197
87.02144425999995,285.3533187571561
88.16551931000004,287.17456217295097
91.15595858000006,286.6330756116753
93.3796722699999,283.16210074754474
95.28161881999995,285.56557722684016
96.29172496000001,288.05443747992655
98.89435269,285.4658308627274
99.173,288.7903954001126
99.73761839999997,284.00163402345765
102.67820000000006,286.839237474432
104.09510939000006,282.79015846591506
104.09510939000006,284.44961291293924
105.34534607,283.1828720355646
105.53888998000002,283.5311237194569
106.70678711000005,282.18446768851413
106.70678711000005,280.97849752222953
109.17184283000006,283.6545457229947
113.2998,284.151983964357
116.82279999999992,283.82039231033946
117.12622381999995,285.0861666968484
123.07770000000005,285.90893992625405
125.25500000000011,281.3603652847592
136.34030000000007,284.43128758236145
150.6636000000001,281.2297855549947
150.6636000000001,284.36931824181573
153.5284999999999,280.40443666000317
154.05649999999991,282.3047106620081
155.9034999999999,281.61711795078935
169.70010000000002,273.07371696468044
170.5109,280.23629818436876
176.54449999999997,277.8559524780317
186.30320000000006,276.3961020284933
187.1217999999999,277.15568662096365
197.87059999999997,278.00200109884094
198.0684000000001,276.4573287163011
200.88010000000008,277.6000738939942
208.7428,276.8090000432731
216.12799999999993,278.3109424912346
226.99260000000004,277.01330979867544
227.13560000000007,278.27011023020174
255.93360000000007,277.35805088594464
260.2585999999999,276.3246167739362
268.10570000000007,276.6596678045921
300.9031,278.0152295252318
310.18550000000005,276.6872122505445
321.4006999999999,273.78076231204557
340.53919999999994,271.10903046702873
346.58140000000003,275.066577843599
359.0093999999999,279.3568610690018
361.8233,281.10892823134105
376.98710000000005,282.5698274885973
390.1370999999999,281.82904146165555
400.35249999999996,283.5296825674026
420.3243,283.94789036843633
448.4713999999999,283.1247803916497
480.6032,280.3125047226672
500.83619999999996,282.22658040584827
521.1956,279.7256958832981
539.1394,279.6965499485699
559.6678999999999,280.69145605233933
559.6678999999999,281.1317016084328
601.1501000000001,278.3621212274177
619.8800000000001,284.0676432722511
642.5527999999999,281.5784089788515
671.8032000000001,278.4312489162189
690.4929,282.199286054067
698.7306000000001,282.41311047504325
739.0450000000001,283.68828915610504
750.1886,284.54004420226613
784.0183999999999,283.9659747066713
803.7130999999999,284.510584449478
834.3911,282.8416314024614
850.5902000000001,283.0944582572788
879.7973,282.8444160166049
900.82294,280.9667443357615
909.92083,280.9161701585891
930.72784,280.06452973881244
932.42209,279.7987034131486
967.34583,278.7402401551619
992.34736,277.4071684030988
1035.87184,280.10552589040225
1074.5898,279.42044060983585
1127.67222,278.62300321449914
1156.8950399999999,279.72469920818
1187.70454,279.29371083930937
1219.5665,279.9902637416671
1248.75007,277.098940914164
1280.82364,278.45496800258206
1313.00077,279.58805021854124
1335.4754400000002,277.86971612986054
1367.59231,276.19603745957005
1392.53167,278.4608975547629
1398.37838,276.5590465243607
1432.04389,276.78951906858396
1461.86806,277.1056915049757
1513.06166,279.9999146746923
1543.63545,279.12520908544417
1565.77312,277.24691789826335
1592.66644,277.79537780888165
1632.4542099999999,281.692138914424
1654.39543,280.9089598541969
1675.55608,280.2444922059889
1683.9046899999998,278.31439989271746
1709.3986,280.24908719030117
1775.46638,277.55589209790946
1796.46924,278.0719954240161
21925.899999999998,184.4620277494
22292.199999999997,187.2242115241
22347.600000000002,187.0216472475
22550.100000000002,184.67921815
22604.1,185.207494535
22650.8,188.4866056205
22749.300000000003,190.01358890950002
22833.6,186.13368892427502
22994,189.397339585125
23013.8,190.53007546182502
23107.3,190.08050149462503
23185,188.6041093398
23276.7,197.67188495834998
23358.4,193.532820435975
23445.2,186.77935625474998
23600.5,187.98535915199997
23873.8,183.12944747075
24077.699999999997,184.6823772
24269.8,186.726894870075
24643.6,180.565516782075
25163.6,180.69369987574999
25351.1,182.66041686875002
25543.600000000002,183.37891829900002
25786,186.541161542
26016.000000000004,184.51815170625
26254.499999999996,184.57168235580002
26315.000000000004,183.7673068405
26460.7,186.0128248
26537.1,185.5131813934
26703.699999999997,185.43660435787498
26857.8,186.43114764435
26954.9,188.08462820879998
27042,187.3935686286
27084.800000000003,186.271358966325
27170.199999999997,194.928153007
27280.100000000002,190.0614572262
27441.9,191.95313370887501
27502.800000000003,191.23379793375
27549.7,191.5337587855875
27586.399999999998,191.95350057714998
27661.3,191.46001174245
27687,192.712370759625
27714.1,190.6078690615
27718.6,189.304523923175
27820.7,187.586392521325
27866.399999999998,190.5849616488
27885,189.27849064935
27927.1,188.98634898427503
27973.2,189.286787345625
28097.3,189.95757968037498
28214.1,191.816137593
28271.6,191.59419376510002
28369.699999999997,192.63389865615
28413.9,189.156744422
28426.9,189.6458701976
28577.399999999998,193.10010418009998
28626.4,192.8154242622
28724.3,193.80250764615002
28841.9,193.8897968002
28902.7,192.68758991725
28948.6,193.25940327540002
29008.9,192.8724796734
29150.699999999997,192.26433856792502
29205.3,188.0966829643
29249.600000000002,192.39141674277
29323.899999999998,191.0119519104
29366.1,189.82870639425
29410.2,189.2132558424
29609.199999999997,189.24251845
29681.2,189.77280474485
29742.8,191.28441196185
29837.800000000003,190.9669244527
29952.100000000002,191.375496743275
29999,191.5673410079
30101.5,188.2467783878
30181.7,188.475316491
30277.9,186.51738769949998
30312.699999999997,185.98864642130002
30400.5,184.2981804458
30528.800000000003,182.936081584225
30712.999999999996,187.14328122450002
30775.699999999997,190.33222284570002
31105.2,187.999563507075
31356.4,188.4753253155
31524.100000000002,189.94686495800002
31792.100000000002,193.71283854975002
31818.4,192.9276430365
31933.899999999998,192.507154839675
32026.9,193.3257604058
32079.599999999995,193.90502757875
32147.499999999996,196.41665588339998
32150.600000000002,196.9080549903
32307.9,192.46518778166669
32361.2,195.247244775875
32434.8,194.110429478875
32511.100000000002,194.60682974099998
32594.6,194.4295742917
32677.799999999996,195.08012700165003
32714.1,195.93861278715002
32813.100000000006,199.302319209275
32880.9,196.70181603277499
33009,196.32609642975
33148.3,197.646004846875
33417.5,196.89622890765
33491.399999999994,197.12526326695
33555.3,197.79975641045
33758.100000000006,200.03106638475
33841.00000000001,195.627148340675
33885.7,195.2662323655
33907.49999999999,194.46060405395
33925.899999999994,194.47027317217498
33957,196.47191999325
33991.5,195.41091567172498
34064.200000000004,195.93175875274997
34190.299999999996,194.8874767012333
34250.799999999996,195.7913334535
34312.8,196.266613322
34334.4,196.20185201500001
34556.9,199.6474818549
34602.6,199.48892963999998
34620,200.2924224414
34647.8,198.89171239745002
34710.6,197.16130487224999
34825.6,202.795646976
34866.799999999996,203.0917776366
35089.6,198.7828307793
35165.799999999996,203.60050857025
35281.7,205.3761847385
35337,204.46706210535
35359.4,203.6185257355
35383,201.35769286432503
35445.799999999996,200.29875552115
35497.09999999999,201.06305549865002
35508.5,202.04126672700002
35530.7,201.88660042935
35567.99999999999,201.8276293501
35672.50000000001,201.81310262977502
35701.600000000006,200.5019756069
35854.6,203.28865874520002
35948.3,198.799944457875
36086.5,204.123014498
36173.100000000006,201.7797825328
36261.799999999996,200.09164615275
36506.3,198.9617645275
36591.8,205.10239260525
36669.6,203.76951759
36712.799999999996,203.7543230524
36820.2,202.76033458287498
36939.8,203.514345808
37023.4,206.3568576216
37118.600000000006,210.157174784
37143.200000000004,207.34584681975
37296.5,208.25190909
37302,209.65639176
37338.1,206.586570978
37431,212.50552869749998
37461.299999999996,209.83667782650002
37618.600000000006,214.29589900083332
37647.5,212.135905967
37777.2,212.09241359079002
37895,214.2064208262
38000.3,211.213425214
38088.5,214.36039257750002
38165.59999999999,208.335059710425
38192.399999999994,206.5229252229
38284.200000000004,207.41115700100002
38359.2,207.99977968
38412.8,210.7947524055
38472.9,207.2301825856
38533.2,210.07869060075
38573.6,208.23327262075
38621.8,204.79190564040002
38670.8,204.455553872625
38723.399999999994,206.543994036
38812.6,206.085787558
38874.700000000004,205.650989878
38955.6,205.98808959113333
38976.8,202.3448524395
39053.6,204.28298891580002
39120.50000000001,207.32358522299998
39265.7,208.685091262475
39303.200000000004,209.495641888
39319.9,209.326456305
39339.8,207.868080375675
39379.4,204.77737582487998
39402.9,191.53156337775
39454.4,198.138503631
39515.399999999994,200.402973875925
39621.00000000001,195.70159247466665
39709.2,196.6742707386
39757.100000000006,193.581354240625
39884.99999999999,193.873098888
39900.5,197.55250733926664
40042.7,192.59565555449998
40112.1,193.08131430805
40145.3,193.690311850125
40353.09999999999,193.34610643875
40540.299999999996,193.83589877625
40935.100000000006,194.84207247799998
40953.799999999996,194.48852036325
42386.799999999996,199.15213332966667
43762.5,196.820021533025
44611.200000000004,204.39145432805
45230,210.420411235125
46322.700000000004,213.80675418472498
46564.5,210.13659900649998
46782.9,210.3084491365
47330.299999999996,203.17129553816667
48051.700000000004,198.0225677735
48720.299999999996,198.39664280699998
7294,264.82601862913333
7319.25,263.7436386819
7342.799999999999,261.90241948945
7372.2,263.169199403
7390.25,263.976067265375
7408.55,263.36669208480004
7429.7,261.9645942954
7448.75,262.36092523229996
7466.95,262.469204855
7495.400000000001,265.16260813574996
7511.35,262.94408819349997
7527.8,263.682583198175
7540.75,262.7713558141
7559.349999999999,262.688766297075
7574.2,262.52386173925
7594.2,262.62246076875005
7610.05,264.325934774
7627.65,261.963884112375
7648.45,263.22921859045
7674.95,263.03470843357496
7689.05,262.96974002974997
7713.500000000001,261.88912984125
7733.95,261.428515024875
7745.15,264.147901087625
7785.5,263.75280923125
7812.6,260.8469171516
7828.75,263.05955004505
7863.1,262.79615250166665
7866,263.785068341875
7884.45,264.1209988608
7901.150000000001,263.60922157749997
7911.05,262.31395797675
7917.95,262.6201975386
7944.049999999999,263.628189264
7969.8,263.7727222625
7974.6500000000015,266.7431245765
7976.9000000000015,266.6235110605
8017.8,262.728137882
8020.349999999999,266.326804622475
8027.15,262.97353262844996
8047.15,264.11222454265004
8052.05,261.92183841051246
8065.349999999999,263.98211577456664
8070.000000000001,261.147359383125
8084.25,265.0020722164
8123.249999999999,262.52548321553326
8134.200000000001,265.2611274441
8140.599999999999,266.4813921422
8149.3499999999985,265.3542200372
8158,264.4193667450333
8170.4,264.349656855925
8173.5999999999985,262.0666469112
8194.7,264.79540683374995
8203.65,266.095619798775
8223.150000000001,263.54842680075
8241.5,263.114376962525
8254.55,264.0982710483
8259.9,264.0772382715
8274.75,264.80995846415004
8290.85,262.2701934424
8300.5,263.97446949224997
8303.850000000002,262.49582412899997
8307.500000000002,262.3777933914
8311.15,263.80481111349997
8327,263.4739931276667
8337.95,263.3111784675
8346.899999999998,261.925592482
8369,261.8789852676
8374.6,261.7827720487
8404.55,264.4684488132
8421.5,263.85203808225003
8430.25,263.2526037409125
8438.7,264.956002266
8450.65,265.4809777646
8471.1,263.14561741
8485.35,262.7546649845
8500.8,265.42747675575
8511.599999999999,264.9324338181
8530.9,267.681310935
8546.45,264.25257603800003
8569.1,268.08566483199996
8568.3,265.58422534724997
8584.1,264.8187265464
8607.949999999999,265.82689034235
8629.449999999999,266.51526792899995
8649.300000000001,266.14679625191667
8672.000000000002,265.36664006474996
8690,268.88696799542504
8705.6,266.396436612625
8721.95,265.328769715
8736.4,265.53735801255
8751.95,266.45456986719995
8765.45,265.4906689949
8784.65,266.864647062
8799.75,265.718385482
8815.6,266.276565034
8828.699999999999,265.822341136025
8842.05,266.87227692
8859.6,263.94477988679995
8871.6,266.76239393245004
8887.8,263.8997368098
8907.050000000001,263.631279762
8914,264.5391126235
8939.699999999999,262.3626841258667
8951.999999999998,262.49520732705
8968.85,264.2721056025
8982.499999999998,264.457320014925
8893.213,267.9028278900337
8985.488,265.4473246879209
9080.986,268.86121401097495
9176.945,263.9524321899689
9274.864,270.5975111381655
9370.126,269.2256441647061
9467.522,263.797593582027
9561.392,265.54713785905875
9654.293,271.1691082540198
9759.928,264.96696478895205
9850.266,269.8239136757699
9953.14,265.9214090056133
10047.123,270.67768611855996
10147.752,268.0461575865978
10248.546,267.1885223205751
10352.743,267.44431411632206
10454.905,267.5391756800878
10555.787,271.27597022041294
10656.841,280.9312927131758
10758.376,268.11279412214964
10861.591,271.4997419010105
10957.405,271.8117018847352
11052.504,275.94112049465406
11151.152,268.0613355199051
11246.709,277.029293175379
11339.371,268.8062514925239
11383.156,268.8396344162771
11399.861,272.1638827775123
11417.453,268.4831386910426
11435.931,274.14345909208504
11453.064,272.86948241809176
11472.799,273.09658248435426
11490.446,271.1659882944808
11507.225,271.66344435702626
11523.934,273.5087267559184
11543.596,270.8975316078414
11559.612,266.7402713424808
11576.406,271.0926460402798
11592.243,264.7019637596007
11611.307,265.3035570908851
11628.966,270.2202091929294
11647.924,261.13429330946656
11664.542,251.5528586529488
11682.818,258.6155973344712
11701.438,257.99089690085395
11719.717,260.0430608603061
11740.65,259.89086904448925
11759.212,262.7419682040664
11780.723,262.24947010276907
11802.789,262.53058047537485
11820.5,261.16871076552565
11843.327,258.3101747073089
11863.118,257.6295799831633
11883.166,255.56174454316204
11904.912,259.89657531323917
11926.956,262.57498699245264
11948.086,252.91570205793047
11969.551,257.9931437879996
11990.691,259.3912977602452
12015.895,251.85064164274337
12037.316,252.40713321971356
12058.796,257.09803694796494
12079.849,255.03138662276533
12105.248,259.6570401748525
12124.583,257.01913649818056
12146.495,255.13879991205624
12168.481,255.42428040746907
12190.414,254.96816256782247
12211.34,253.6533400802813
12232.921,253.23182055441774
12256.477,252.95174624217293
12280.774,253.37721064234103
12301.036,252.9240190698803
12321.276,254.73154369365116
12343.121,250.9665079337188
12365.281,248.30941964788178
12388.308,247.00399847303908
12409.378,250.4034368607132
12431.925,251.67023851530323
12454.817,249.828192028346
12475.39,250.17917534767042
12495.838,248.42282246806465
12521.35,250.7361603977909
12543.717,253.9226267174943
12564.615,248.27496932125192
12586.604,251.01866418752644
12607.644,252.09151906637942
12629.853,250.94327763185444
12653.637,247.94829999483662
12673.897,246.52904430354567
12697.141,248.24252191664183
12719.8,245.5919394471499
12739.914,251.29878007926465
12762.577,244.01944039217156
12785.627,245.49602014897292
12809.27,246.23335017876875
12830.152,246.14661205332536
12852.706,243.34501708789696
12873.977,245.2383063619222
12893.384,243.43542944264073
12917.105,242.7942418996904
12939.228,242.17670710529902
12959.751,244.7072616624785
12980.883,241.14801820813656
13001.057,243.41877622767902
13021.916,238.67711437690164
13043.693,242.86480110696388
13066.591,241.90902544878452
13088.223,245.5552999030114
13128.448,238.8172845805215
13172.67,240.91006470650157
13216.195,243.4098936541896
13266.965,244.4197733780046
13304.149,240.86022090165332
13418.103,241.82629259075324
13486.737,244.25427358439862
13531.749,239.8255291423037
13600.809,247.85979844716996
13645.346,242.54747522687632
13712.826,245.59139134507328
13758.73,245.11490412197253
13827.204,243.08435072354874
13871.566,241.95158516671214
13940.228,244.5703386445421
14001.788,239.91958262522573
14022.859,241.8687866200197
14060.093,245.26916500368534
14084.472,236.88000615516702
14120.057,240.39805979670948
14156.604,243.23818680138615
14179.551,243.36064776017062
14205.559,242.3613364190683
14237.445,240.59503531115416
14273.024,244.21229536304708
14298.717,243.03677680876376
14308.608,239.8013722168602
14343.156,246.07891889663432
14354.483,242.39005888170098
14374.989,244.3252352260465
14410.597,246.5463915992586
14422.234,246.60460298931037
14443.283,244.9489026098227
14463.583,242.61345734214723
14497.209,246.05538663336657
14520.852,245.14411641924522
14531.297,247.17377294839466
14541.662,239.8323421305916
14552.933,245.729807649943
14563.518,243.85999766133673
14575.933,243.76503812675872
14586.185,241.9659544143376
14595.468,239.30951417343593
14606.209,241.58632963935628
14619.389,241.97072384125397
14629.987,244.10202126482596
14645.202,242.11592408247537
14652.256,238.62208303328032
14664.087,237.41678590018034
14675.119,238.33541847308942
14686.374,241.49243901935716
14696.689,232.9069484734525
14706.958,232.1794674192821
14718.124,234.5296191365043
14730.883,238.53668908061695
14743.189,235.47501430697426
14758.515,231.9025821178081
14763.412,228.64412988292017
14776.283,231.39272967198517
14787.831,231.78536212593403
14799.135,232.50250206425628
14810.614,231.5760816830967
14822.391,230.50690563613685
14834.75,232.4041873231957
14844.772,231.87363187172843
14857.525,237.1674385645637
14869.177,236.22123314488178
14880.662,231.85150672131329
14892.457,234.6301423785333
14904.212,232.71528957073212
14915.908,232.35879507223092
14929.02,232.46979297537328
14953.662,232.890295544307
14976.478,233.78672581367329
14987.256,231.65098593922204
15011.48,232.3650655244248
15034.777,229.38083520649624
15072.534,232.99480745157686
15095.81,238.47446894840783
15133.528,233.67160656998294
15156.516,232.8057322422929
15181.113,231.84358475209112
15218.875,234.18339813242306
15243.443,232.26585961041698
15280.741,229.77162913978188
15320.944,231.64306095288393
15345.237,232.91652002838566
15382.846,229.38795165189697
15410.078,228.74311624898786
15462.934,227.2710402890986
15546.395,227.5305343345643
15649.43,226.75834505097234
15704.787,226.15764340429956
15767.681,228.8571801594681
15844.953,226.36468715588023
15920.254,227.5107392974745
15936.522,227.7681909549173
15995.492,227.7224506956352
15998.978,228.4079901815647
16014.67,226.39327867419098
16033.783,228.4802221411913
16083,228.242360124708
16114.135,226.4115117516632
16151.209,228.8625784974834
16166.707,230.1908800011438
16187.461,225.48984625503218
16208.708,231.3244742360862
16222.957,227.23631531576837
16240.564,224.48517092637948
16260.727,222.56382460975144
16278.743,218.22122886828478
16296.958,216.84367513227136
16317.429,218.5978424508933
16337.251,216.42970768970437
16354.228,218.83094793202406
16374.888,215.2133503062316
16391.886,213.50810411665645
16410.706,216.94888538922996
16431.323,215.7934498012063
16458.381,221.18722610003746
16472.034,217.9380167825644
16509.932,211.94707338537606
16553.509,212.65010901966778
16590.012,212.4614276166706
16655.879,217.15469236971649
16733.528,214.24939480334604
16797.545,209.52548876941438
16869.315,209.18509194320177
16928.831,206.9290476816134
16994.774,208.3247383426767
17091.847,206.1012164231453
17163.698,202.631089252931
17236.245,202.29417538469403
17287.896,199.87573909141443
17311.873,198.65141317549399
17360.496,194.50284337603904
17385.299,197.02021337722056
17410.026,195.8856673685563
17434.971,194.75739808941378
17460.991,197.00049226913703
17485.291,195.4761142959414
17510.868,195.58573439908614
17534.589,196.37047527166976
17561.459,196.6236483930915
17586.251,200.96328822867957
17612.004,199.79039289658348
17637.878,197.21020619774924
17665.057,198.3760035369042
17691.214,195.51895944996556
17717.049,193.52313905154722
17743.75,194.41145637495399
17769.713,195.7049630706334
17797.574,191.25256339861124
17825.432,195.20739896471937
17854.603,193.51763426245728
17880.995,194.2606131810841
17907.158,195.7237910053392
17935.988,192.54215704394005
17965.825,192.6564989836098
17992.042,192.9556833468375
18024.45,191.78531136917942
18050.092,191.7267726989902
18081.597,192.64072093684447
18110.627,192.59044595252618
18139.755,188.87510819689115
18173.163,193.01145740964958
18201.792,189.64837724764448
18232.181,192.87750852438725
18264.682,192.52153443206024
18295.805,193.03208526365853
18324.393,191.12107228232756
18360.352,192.73157502184154
18391.159,192.2127161368506
18422.425,192.46984987600774
18457.829,191.44688100668245
18486.591,191.08794749517838
18519.994,191.6657005045612
18582.943,192.57060817148658
18677.396,197.90294365325792
18747.045,195.27099266967372
18803.635,196.9746062473733
18835.152,192.43646889385016
18866.913,192.49917580509657
18993.816,196.7099140092297
19152.786,195.08550485764974
19282.155,195.58428202340798
19442.725,195.51661846127155
19568.151,192.95303905155185
19629.493,195.41876528996985
19791.188,197.60063929670704
19883.882,200.05515178135056
20018.696,197.72302093582547
20213.307,194.47301770392272
20407.601,193.99022495118814
20536.804,197.92595404672443
20666.489,191.76130879373025
20828.392,196.65750201107113
20964.428,194.87078412905063
21067.69,192.40117180397905
21212.702,194.05178294941018
21345.184,191.24278170075527
21562.853,189.22605259203294
21790.593,191.9571766507431
21913.629,194.7825043804128
22055.594,191.38113959770786
22230.886,195.27052755302162
22367.662,196.08122144506464
22611.899,197.95136319917825
22677.423,193.9685521534979
22747.99,195.23673066044876
22840.574,199.99610424143108
22921.805,199.96524916088424
22962.308,198.93638429983517
23029.978,197.55338046178792
562654.6712121214,234.0650889391748
563135.7833333333,240.11472412125158
563536.65,242.28811438741747
563928.7666666667,245.6943230643778
564311.4333333331,245.8129429068597
564725.2999999997,247.61840667176352
565135.2166666666,251.410720261255
565539.8833333334,252.35658575466948
565896.4500000001,252.64945604060227
566246.0833333331,251.3851223710903
566589.4166666665,253.72184759026274
566919.0999999999,254.31965503106113
567240.2,253.87508363532996
567548.6545454543,254.45575046912543
567884.1318181818,253.1856910994968
568204.8696969697,253.93023488046606
568534.9666666667,252.78723185315422
568931.05,252.98309166913273
569315.4333333333,250.19006496736725
569684.7666666665,251.32188345461952
570066.3681818182,250.0223478715975
570462.5545454546,251.34832827325243
570863.0333333334,251.80222528757264
571262.3500000001,251.80879255564818
571634.1333333332,249.57224670536556
571975.4666666664,251.56390885463875
572315.4999999999,250.3009961681342
572669.8727272728,246.30955184938028
573053.5166666666,247.65697248974385
573475.7499999998,249.18618138857704
573913.0166666665,248.72078039844754
574364.6545454544,251.7666008144979
574806.0000000001,251.86150476654132
575233.9636363636,252.08002667419618
575654.5333333331,248.8639219697805
576112.8499999997,252.543697553062
576599.0999999999,252.8973536409592
577115.1000000001,251.2965766771463
577653.8500000001,251.34172534675196
578196.3499999997,251.0792763522184
578742.3499999997,249.0568689785398
579280.5499999998,252.92340485161623
579833.1166666667,251.47302309267096
580210.5045454543,244.13978325747763
580401.7833333332,243.8071398156684
580814.0045454544,236.17021956160747
581118.6499999997,230.2553890769855
581546.5272727276,225.2070402346668
581928.2999999996,219.41265806017452
582454.5272727271,215.44586651227405
582836.2999999999,209.88341782048894
583574.2545454543,206.68125254107684
583958.8000000002,210.63901783350494
586720.8424242425,223.95763277250387
587171.8499999993,225.9929310765137
587888.6681818177,234.40092907192803
588279.3499999996,238.78411585346242
588940.9045454541,246.34602904387208
589425.3500000003,250.20456464222792
590040.145454545,248.10464236577934
590488.8000000002,243.5553025827732
591019.4666666666,237.37751240309967
592383.4712121211,225.67880356583396
592785.516666666,229.38667009211042
593561.2454545454,233.1632188953882
594046.754545454,238.1475936125431
594863.8121212114,237.97721461986356
595436.4666666667,232.91795566697328
596221.5575757573,221.21724287329997
596791.1333333332,216.4410115698623
597803.6136363635,216.27309709713364
598329.7499999994,219.02228033882918
599218.2181818187,225.97166266475014
599814.6318181817,229.38148051861887
601255.1499999998,232.45478922791705
602600.7500000002,237.8582812314746
603949.15,239.14012591458967
605303.1499999992,244.53225161700482
606625.9090909091,248.4801850050678
607979.2999999997,254.57832546938147
609247.3000000004,259.22379791893974
610429.5000000001,257.74486774223317
611551.0127272727,257.8151013837554
611600.6333333328,259.6847091794925
612761.9666666661,258.13797445364014
613942.7999999997,256.193578648728
615140.6,252.74797477389262
616299.1163636366,252.8982584181087
616356.5999999999,252.729800513971
617609.5681818179,252.63944486217684
618953.7499999994,248.28893339724928
620283.7499999999,245.88658787248076
621651.4500000002,243.53068358638558
622950.732727273,243.88545246756433
623054.95,239.19230883467588
624496.9499999993,237.92850701362374
625397.9242424238,235.02330647237795
626047.499999999,228.51222535135372
626969.4272727271,215.70968264504967
627830.0999999994,205.76310728563763
629139.6181818179,199.52416462021898
629769.852727273,205.26582182975858
629866.1000000006,200.77734554085592
631526.322727272,200.45706932834122
632356.9409090906,196.49917279673912
634077.5378787883,193.09789993536265
634881.1448484845,195.94989153226658
635009.0333333323,194.85936588137295
636521.56060606,194.00258992033588
637714.3666666652,195.33150117951013
639418.2651515146,188.8477364074226
640372.2499999993,190.1777336005101
642074.6045454537,191.38425695346518
642856.65,191.5605717991007
644300.8272727265,195.3061298127235
645150.6499999997,195.82042744328479
646376.9469696959,189.88548096825593
647254.8499999992,191.8480609628653
648612.4181818187,193.47659870780961
649191.0999999993,196.17149410495196
650348.4636363634,189.2501799432969
650947.0999999997,193.44315462070247
652104.2636363631,187.2748940558699
652708.9500000003,186.7937683040444
653730.25,192.8691774329536
654438.65,194.81602929906575
655524.3499999999,199.99595342018023
656132.6499999991,200.35242454933484
657181.0909090905,192.9341212467433
657654.2060606063,189.23340881737832
657721.999999999,190.8769405532136
658764.0999999994,184.098136363561
659293.8200000001,187.3800806732598
659411.8999999996,185.6837857761792
660463.5499999999,188.43427447380085
661118.32,193.9700304568731
661215.9000000005,191.59170346951032
662282.1772727269,189.69058418048212
662796.6094545458,193.90821704355406
662877.5500000003,190.86103041769672
663937.5151515151,191.02249326390395
664320.3999999997,192.55321359717547
664408.0909090904,187.76703230989094
665321.9393939392,180.16659707392193
665836.5212121212,180.53768178380184
666753.3600000001,174.76867941399888
667409.8573333337,173.71362014216885
668415.2636363631,177.7146610306198
668915.5375757578,180.6705433303129
669819.2987878791,187.6555369926176
670296.3187878784,191.5141318512642
671070.7454545456,194.87837297832084
671457.9260606061,196.8275423165405
672150.8827272733,194.789560383579
672761.3824242426,197.12915219406037
673696.1060606058,201.1220985980582
674229.3778787885,204.66974564632602
675028.3999999999,211.69145610328425
675406.5333333331,216.1224817958984
676530.736363636,222.57485445876674
677152.3090909093,219.96238463739664
677600.7363636363,216.59070226826563
678328.1818181815,218.20973466460342
678741.6193939392,220.08623711545596
679455.3739393939,229.16045804591084
679735.1745454543,232.70102424711226
680312.5848484847,233.61111358821643
680627.6078787883,233.1080061479115
681225.6733333332,225.80855816583323
681669.9266666665,227.89516025735253
682343.7121212126,221.30626385386472
682740.0857575755,219.1411841639893
683457.8634848485,220.23521867492758
683828.7524242424,222.6967127552533
684423.6818181815,225.64160209672895
684758.0590909088,224.3560776723839
685294.8436363635,221.82035466276145
685679.8654545456,220.62261407272987
686269.1090909089,220.6316642042182
686581.8109090904,222.61792578852743
687154.044242424,222.7044405108711
687445.4972727271,222.96501296914875
688000.381818182,226.72892608676472
688300.1345454548,227.65046207304692
688809.8703030302,227.6358560751815
689157.8254545457,230.66878933516546
689693.2575757576,232.0747771551575
689951.4515151515,232.26747586461005
690474.6527272727,235.8000553317824
690736.391212121,236.4535724768809
691221.8348484851,239.2879301088554
691467.6684848482,238.41599878810229
691967.9624242428,239.37873479610943
692318.3436363635,243.5623167259663
692832.4590909089,239.2983940505077
693077.0923636364,238.47330442832686
693574.0430303031,243.6995486644999
693821.2928787881,237.75600797769894
694280.3484848483,239.34063326328518
694536.8242424241,240.45669225384142
694949.1381818183,239.31113174299168
695259.2618181818,239.79653384828728
695732.3090909093,236.79873479326412
695981.88,238.73723027829791
696434.8896969694,238.0518499460627
696644.8345454544,238.13269799082363
697090.2909090907,239.4354918894625
697342.4521212119,238.41997928360914
697746.6751515149,239.884743914407
698039.0036363635,241.02991515817237
698505.5381818184,240.89904625193032
698753.2309090907,241.8320311598419
699215.7512121215,238.8636108455049
699439.0187878788,239.00952129629684
699864.7075757575,239.72641961823388
700103.6854545457,237.20611593740935
700485.0242424243,236.7173884297771
700814.8381818184,236.60700141533357
701268.527272727,235.4215271002262
701524.5236363634,232.4560078431405
701993.1490909093,230.88479116742866
702200.9236363637,232.162121529527
702734.2727272725,232.1824465330735
703009.9848484849,230.58782898361125
703468.5218181817,233.35390620979757
703796.0731818182,232.28052064575172
704250.5218181817,232.82958847745473
704581.8054545454,233.54448715907165
705053.3442424244,234.04269676194465
705243.9090909093,235.09172492612444
705726.9518181817,237.18468030646915
706053.1981818182,237.66123151682797
706492.9518181819,236.05369135840695
706710.7395454546,236.04534030139132
707310.6972727273,238.84806965208156
707643.7254545457,233.50528810247422
708199.6806060602,233.5834734270881
708413.4484848484,233.11228487432953
708959.1515151514,234.83616059567032
709453.7878787875,231.43297127712552
709909.5454545452,230.50735989141307
710456.4545454548,227.03282273035802
710983.3563636366,224.9017352890244
711399.0436363637,225.38896913374532
712021.4654545452,224.12344691621362
712243.7272727275,224.00174372112798
713312.5,223.8856925917568
714065.578181818,227.63734055505353
714403.7969696966,227.08319713303533
715115.732727273,223.14262795384457
715565.3763636363,227.5826981949172
716310.1630303029,213.59999290263295
716585.909090909,210.50988746288758
717348.2727272725,198.42559568024177
717955.4848484852,189.87843381686548
718778.348484849,193.46090298257135
719287.1818181823,200.8234844705578
720087.2854545454,212.030518626341
720590.7595454546,217.04269113163494
721407.5168181815,219.2003556861584
721689.8636363633,218.956944794401
722505.8105454544,216.09677010835378
722994.5945454545,212.108071771009
723780.2266666669,212.54540888381376
724141.9999999999,214.0125927948141
724975.3554545457,210.4806821716978
725474.4313636366,211.49197634968232
726249.591818182,211.07599555762198
726576.8636363636,211.42656926315465
727898.5024242426,210.06750978548357
728593.9021212123,210.24197486380825
728987.5303030305,211.0778130948141
729836.9384848482,210.0149974521128
730260.314545455,212.17164661528162
730908.3136363637,210.16351745201928
731184.2272727275,210.70237305797798
731860.9999999998,211.62321092369945
732321.75,213.73187878271673
732993.4999999999,208.1143039021245
733328.9999999995,207.72075200492253
734022.2299999999,210.60174265873587
734462.6199999998,216.1485998526368
735134.5709090909,214.6624205315424
735409.909090909,217.88283774216444
736107.3054545454,217.1944729687879
736522.2181818187,213.14402038614645
737269.8193939395,206.92018121563933
737660.1154545457,204.51910387695122
738580.9945454549,191.7441063146352
739174.5554545455,185.6096600660596
740106.4524848479,185.40236646163788
740460.9242424242,183.39253921478078
741329.9024242423,184.76708470912362
741874.1339393943,189.1426274551468
742644.7490909089,188.64664196412704
743062.1696969698,187.3271928405565
743959.0763636365,188.17959977716015
744523.1418181813,188.96881973948896
745671.0454545448,187.29232436787936
746619.9260606065,190.24154927677864
747177.0375757577,187.91988159174213
747940.1957575758,187.95228432826852
748336.8809090916,187.54375693792414
749262.9345454549,188.67887489361217
749814.1786666662,190.17483689562673
750706.4409090908,192.07592238803636
751036.2499999993,191.29603626015793
751973.8681818177,193.54717137122026
752565.8818181817,197.49572596202373
753489.0690909092,195.43388919380428
753934.6545454543,203.90279658442103
755114.5775757573,199.04605364141202
755586.8284848488,203.2996954570858
756566.1684848485,208.10367110123954
756850.6803030302,209.44507971285617
757785.4509090913,213.61139014973043
758362.4157575755,218.3519526756556
759135.6915151512,222.72008593220357
759561.8787878784,226.94301148021165
759878.2121212124,223.02365546155636
760108.2727272728,225.37366760867587
760516.0551515151,225.61582539678184
760939.9418181818,222.7085788690187
761864.4881818183,216.64080861985224
762166.0430303031,214.6940079861074
763101.8036363634,213.99980285899034
763770.5842424238,219.9481576823577
764676.8824242424,223.89295015434178
765181.816565657,222.92608638468548
765586.6363636359,233.66090567198847
765851.4848484849,229.40748753827657
766188.504545454,232.11545547204435
766808.9121212122,230.6229188352788
767747.1624242424,224.86466602091244
768117.2575757578,223.81796491327836
769061.3843939397,221.64093650394082
769651.4236363642,225.86635666622993
770599.1466666668,230.62690342109488
771020.6666666664,229.56423626852964
771519.3333333333,236.31890028889168
771812.666666667,234.24054819146698
772175.2645454548,239.7120056138232
772474.5636363636,243.88525238228885
772737.9595454549,246.49456803753532
772995.6363636361,243.85475201990903
773249.8181818182,246.03058180018394
773684.4690909092,237.7794476149145
774044.1363636358,239.23120240300534
774958.808181818,238.38507756925242
775538.0110606056,241.7410824819303
776332.2587878784,245.31805526765157
776782.6969696968,248.92347258064217
777681.7496969699,247.30321033010094
778232.7918181821,252.45553887568798
779057.9836363638,254.92704442683268
779367.5454545458,254.68956208931286
780188.9227272724,254.43210628699566
780719.4363636365,252.52125685420285
781562.8318181814,257.21033919112165
781886.6818181819,251.50919000069746
782728.4496969697,257.43630369580933
783198.5296969693,255.01817636257545
784261.7558787881,260.91815012089876
785034.0824242425,255.84554031289508
785519.0509090904,259.66462384723866
786189.6018181813,262.229808343788
786563.2569696968,264.34502908314164
787355.5127272734,269.3559592885488
787803.5690909092,265.99732874144445
788479.2399999999,257.19893666253785
788691.8715151517,257.0184549055622
789494.0409090909,238.64095357456617
789953.0090909094,235.48574308581584
790639.4051515154,227.37775029010015
791056.8827272729,230.55013467896873
792030.783636363,224.68576227610308
792617.3012121207,214.45035139887406
793519.3888888892,213.35775959891657
793852.7583333338,218.39264166858874
795122.454545454,208.7893628439667
795687.3181818175,204.61750641580798
796852.590909091,198.79240364499174
797378.8181818188,197.90878630711256
798681.2978787882,200.48945586551156
801236.0590909094,198.68361088983107
802872.087424243,198.6572141815183
803709.2524242424,202.64710592439062
803925.2843758516,202.92172318213744
804009.8706065303,207.49864546768262
804522.6746300211,204.86193803431442
805132.4423336205,202.2268391289192
805668.8684046668,207.28544010704545
